anime_id,title,synopsis,anime_type,episodes,status,aired_start,aired_end,year,rating,popularity,genres,genres_count,netflix,crunchyroll,amazon_prime,hulu,funimation,disney_plus,hbo_max,hidive,pokemon_tv,streaming_platforms_count,poster_url
1,Naruto,"Naruto Uzumaki, a mischievous adolescent ninja, struggles as he searches for recognition and dreams of becoming the Hokage, the village's leader and strongest ninja.",Shonen,220,Finished Airing,03-10-2002,08-02-2007,2002,7.9,1727877,Action|Adventure|Comedy|Super Power|Martial Arts,5,https://www.netflix.com/title/70205012,https://www.crunchyroll.com/series/GR79MM93Y/naruto,,https://www.hulu.com/series/naruto-6ff9a8a2-0f95-4b2a-9f6b-2a5b5e5b5e5b,,,,,,3,https://cdn.myanimelist.net/images/anime/1141/142503.jpg
2,Naruto: Shippuden,"After 2 and a half years Naruto finally returns to his village of Konoha, and sets about putting his ambitions to work, though it will not be easy, as he has gained many rivals.",Shonen,500,Finished Airing,15-02-2007,23-03-2017,2007,8.2,2456789,Action|Adventure|Comedy|Super Power|Martial Arts,5,https://www.netflix.com/title/70205012,https://www.crunchyroll.com/series/GR79MM93Y/naruto,,https://www.hulu.com/series/naruto-shippuden-9a9a9a9a-9a9a-9a9a-9a9a-9a9a9a9a9a9a,,,,,,3,https://cdn.myanimelist.net/images/anime/1565/111305.jpg
3,Dragon Ball,Follows the adventures of an extraordinarily strong young boy named Goku as he searches for the seven magic Dragon Balls.,Shonen,153,Finished Airing,26-02-1986,12-04-1989,1986,8.5,987654,Action|Adventure|Comedy|Fantasy|Martial Arts|Super Power,6,,https://www.crunchyroll.com/series/GRMG8ZQZR/dragon-ball,,,https://www.funimation.com/shows/dragon-ball/,,,,,2,https://cdn.myanimelist.net/images/anime/1887/92364.jpg
4,Dragon Ball Z,"With the help of the powerful Dragonballs, a team of fighters led by the saiyan warrior Goku defend the planet earth from extraterrestrial enemies.",Shonen,291,Finished Airing,26-04-1989,31-01-1996,1989,8.9,15432101,Action|Adventure|Comedy|Fantasy|Martial Arts|Super Power,6,,https://www.crunchyroll.com/series/GRMG8ZQZR/dragon-ball,,,https://www.funimation.com/shows/dragon-ball-z/,,,,,2,https://cdn.myanimelist.net/images/anime/1277/142022.jpg
5,Dragon Ball Super,"After waking up from decades of slumber, Beerus, the god of destruction, wants to defeat the legendary Super Saiyan God. To protect the Earth, Goku transforms into the Super Saiyan God to fight Beerus.",Shonen,131,Finished Airing,05-07-2015,25-03-2018,2015,8.3,1234567,Action|Adventure|Comedy|Fantasy|Martial Arts|Super Power,6,,https://www.crunchyroll.com/series/GRMG8ZQZR/dragon-ball,,,https://www.funimation.com/shows/dragon-ball-super/,,,,,2,https://cdn.myanimelist.net/images/anime/7/74606.jpg
6,One Piece,"Follows the adventures of Monkey D. Luffy and his pirate crew in order to find the greatest treasure ever left by the legendary Pirate, Gold Roger.",Shonen,1136,Currently Airing,20-10-1999,,1999,8.6,3456789,Action|Adventure|Comedy|Drama|Fantasy,5,https://www.netflix.com/title/80217863,https://www.crunchyroll.com/series/GRMG8ZQZY/one-piece,,,https://www.funimation.com/shows/one-piece/,,,,,3,https://cdn.myanimelist.net/images/anime/1770/97704.jpg
7,Bleach,"Ichigo Kurosaki is an ordinary high schooler—until his family is attacked by a Hollow, a corrupt spirit that seeks to devour human souls.",Shonen,366,Finished Airing,05-10-2004,27-03-2012,2004,7.8,987654,Action|Adventure|Comedy|Super Power|Supernatural,5,https://www.netflix.com/title/70204970,https://www.crunchyroll.com/series/GR751KNZY/bleach,,https://www.hulu.com/series/bleach-9a9a9a9a-9a9a-9a9a-9a9a-9a9a9a9a9a9a,,,,,,3,https://cdn.myanimelist.net/images/anime/1541/147774.jpg
8,Bleach: Thousand-Year Blood War,The peace is suddenly broken when warning sirens blare through the Soul Society. Residents are disappearing without a trace and nobody knows who's behind it.,Shonen,52,Currently Airing,10-10-2022,,2022,9.1,876543,Action|Adventure|Super Power|Supernatural,4,,,,https://www.hulu.com/series/bleach-thousand-year-blood-war-9a9a9a9a-9a9a-9a9a-9a9a-9a9a9a9a9a9a,,https://www.disneyplus.com/series/bleach-thousand-year-blood-war/9a9a9a9a9a9a,,,,2,https://cdn.myanimelist.net/images/anime/1908/135431.jpg
9,Attack on Titan Season 1,"After his hometown is destroyed and his mother is killed, young Eren Jaeger vows to cleanse the earth of the giant humanoid Titans that have brought humanity to the brink of extinction.",Seinen,25,Finished Airing,07-04-2013,29-09-2013,2013,8.5,2345678,Action|Drama|Fantasy|Military|Mystery|Super Power,6,,https://www.crunchyroll.com/series/GR751KNZY/attack-on-titan,,https://www.hulu.com/series/attack-on-titan-9a9a9a9a-9a9a-9a9a-9a9a-9a9a9a9a9a9a,https://www.funimation.com/shows/attack-on-titan/,,,,,3,https://cdn.myanimelist.net/images/anime/1000/110531.jpg
10,Attack on Titan Season 2,"As Eren and others push deeper into Titan territory, they encounter a terrifying new threat none of them could have prepared for.",Seinen,12,Finished Airing,01-04-2017,17-06-2017,2017,8.7,2345678,Action|Drama|Fantasy|Military|Mystery|Super Power,6,,https://www.crunchyroll.com/series/GR751KNZY/attack-on-titan,,https://www.hulu.com/series/attack-on-titan-9a9a9a9a-9a9a-9a9a-9a9a-9a9a9a9a9a9a,https://www.funimation.com/shows/attack-on-titan/,,,,,3,https://cdn.myanimelist.net/images/anime/4/84177.jpg
11,Attack on Titan Season 3,The truth about the Titans begins to be revealed as the battle for humanity's survival grows even more dire.,Seinen,22,Finished Airing,23-07-2018,01-07-2019,2018,9.0,2345678,Action|Drama|Fantasy|Military|Mystery|Super Power,6,,https://www.crunchyroll.com/series/GR751KNZY/attack-on-titan,,https://www.hulu.com/series/attack-on-titan-9a9a9a9a-9a9a-9a9a-9a9a-9a9a9a9a9a9a,https://www.funimation.com/shows/attack-on-titan/,,,,,3,https://cdn.myanimelist.net/images/anime/1173/92110.jpg
12,Attack on Titan: The Final Season,The war for Paradis zeroes in on Shiganshina just as Jaegerists have seized control. The fate of the world hangs in the balance as Eren pushes forward with his plan.,Seinen,28,Finished Airing,07-12-2020,04-04-2021,2020,9.2,2345678,Action|Drama|Fantasy|Military|Mystery|Super Power,6,,https://www.crunchyroll.com/series/GR751KNZY/attack-on-titan,,https://www.hulu.com/series/attack-on-titan-9a9a9a9a-9a9a-9a9a-9a9a-9a9a9a9a9a9a,https://www.funimation.com/shows/attack-on-titan/,,,,,3,https://cdn.myanimelist.net/images/anime/1279/131078.jpg
13,Attack on Titan: The Final Season Part 2,"As the war rages on, Eren and his allies must find a way to end the cycle of hatred that has plagued their world for centuries.",Seinen,12,Finished Airing,10-01-2022,04-04-2022,2022,9.3,2345678,Action|Drama|Fantasy|Military|Mystery|Super Power,6,,https://www.crunchyroll.com/series/GR751KNZY/attack-on-titan,,https://www.hulu.com/series/attack-on-titan-9a9a9a9a-9a9a-9a9a-9a9a-9a9a9a9a9a9a,https://www.funimation.com/shows/attack-on-titan/,,,,,3,https://cdn.myanimelist.net/images/anime/1948/120625.jpg
14,Vinland Saga Season 1,"Young Thorfinn grew up listening to the stories of old sailors that had traveled the ocean and reached the place of legend, Vinland.",Seinen,24,Finished Airing,07-07-2019,29-12-2019,2019,8.7,345678,Action|Adventure|Drama|Historical,4,https://www.netflix.com/title/81249833,,https://www.amazon.com/Vinland-Saga-Season-1/dp/B07VGRJDFY,,,,,,,2,https://cdn.myanimelist.net/images/anime/1170/124312.jpg
15,Vinland Saga Season 2,"After the death of his father, Thorfinn must find a new purpose in life as he struggles to come to terms with his past actions.",Seinen,24,Finished Airing,10-01-2023,20-06-2023,2023,9.1,456789,Action|Adventure|Drama|Historical,4,https://www.netflix.com/title/81249833,,https://www.amazon.com/Vinland-Saga-Season-2/dp/B0BRNXF6XJ,,,,,,,2,https://cdn.myanimelist.net/images/anime/1170/124312.jpg
16,Demon Slayer: Kimetsu no Yaiba,"After his family is brutally slaughtered and his sister turned into a demon, Tanjiro Kamado embarks on a perilous journey to find a cure and avenge his family.",Shonen,26,Finished Airing,06-04-2019,28-09-2019,2019,8.5,2345678,Action|Adventure|Demons|Historical|Supernatural,5,https://www.netflix.com/title/81091393,https://www.crunchyroll.com/series/GY5P48XEY/demon-slayer-kimetsu-no-yaiba,,https://www.hulu.com/series/demon-slayer-kimetsu-no-yaiba-9a9a9a9a-9a9a-9a9a-9a9a-9a9a9a9a9a9a,https://www.funimation.com/shows/demon-slayer-kimetsu-no-yaiba/,,,,,4,https://cdn.myanimelist.net/images/anime/1286/99889.jpg
17,Demon Slayer: Kimetsu no Yaiba - Entertainment District Arc,Tanjiro and his comrades accompany the Sound Hashira Tengen Uzui to an entertainment district where Tengen's female ninja agents were gathering information on a demon.,Shonen,11,Finished Airing,05-12-2021,13-02-2022,2021,9.0,2345678,Action|Adventure|Demons|Historical|Supernatural,5,,https://www.crunchyroll.com/series/GY5P48XEY/demon-slayer-kimetsu-no-yaiba,,https://www.hulu.com/series/demon-slayer-kimetsu-no-yaiba-9a9a9a9a-9a9a-9a9a-9a9a-9a9a9a9a9a9a,https://www.funimation.com/shows/demon-slayer-kimetsu-no-yaiba/,,,,,3,https://cdn.myanimelist.net/images/anime/1908/120036.jpg
18,Demon Slayer: Kimetsu no Yaiba - Swordsmith Village Arc,Tanjiro journeys to a village of swordsmiths and has to face a new threat from the demons while trying to get his sword repaired.,Shonen,11,Finished Airing,09-04-2023,18-06-2023,2023,8.8,2345678,Action|Adventure|Demons|Historical|Supernatural,5,,https://www.crunchyroll.com/series/GY5P48XEY/demon-slayer-kimetsu-no-yaiba,,https://www.hulu.com/series/demon-slayer-kimetsu-no-yaiba-9a9a9a9a-9a9a-9a9a-9a9a-9a9a9a9a9a9a,https://www.funimation.com/shows/demon-slayer-kimetsu-no-yaiba/,,,,,3,https://cdn.myanimelist.net/images/anime/1765/135099.jpg
19,Jujutsu Kaisen,"Yuuji Itadori, a boy with tremendous physical strength, gains cursed energy after swallowing a cursed object to save his friends.",Shonen,24,Finished Airing,03-10-2020,27-03-2021,2020,8.6,2345678,Action|Demons|Horror|Supernatural|School,5,https://www.netflix.com/title/81278456,https://www.crunchyroll.com/series/GRDV0019R/jujutsu-kaisen,,https://www.hulu.com/series/jujutsu-kaisen-9a9a9a9a-9a9a-9a9a-9a9a-9a9a9a9a9a9a,,,,,,3,https://cdn.myanimelist.net/images/anime/1171/109222.jpg
20,Jujutsu Kaisen Season 2,The past comes to light as Gojo and Geto's friendship is tested during their time at Jujutsu High.,Shonen,23,Finished Airing,06-07-2023,28-12-2023,2023,9.0,2345678,Action|Demons|Horror|Supernatural|School,5,,https://www.crunchyroll.com/series/GRDV0019R/jujutsu-kaisen,,https://www.hulu.com/series/jujutsu-kaisen-9a9a9a9a-9a9a-9a9a-9a9a-9a9a9a9a9a9a,,,,,,2,https://cdn.myanimelist.net/images/anime/1792/138022.jpg
21,Hunter x Hunter (2011),"Gon Freecss aspires to become a Hunter, an exceptional being capable of greatness. With his friends and his potential, he seeks out his father, who left him when he was younger.",Shonen,148,Finished Airing,02-10-2011,24-09-2014,2011,9.1,1234567,Action|Adventure|Fantasy,3,https://www.netflix.com/title/70204970,https://www.crunchyroll.com/series/GR751KNZY/hunter-x-hunter,,https://www.hulu.com/series/hunter-x-hunter-9a9a9a9a-9a9a-9a9a-9a9a-9a9a9a9a9a9a,,,,,,3,https://cdn.myanimelist.net/images/anime/1337/99013.jpg
22,My Hero Academia Season 1,"In a world where 80% of the population has superpowers, Izuku Midoriya is one of the rare few born without any. Despite this, he dreams of becoming a superhero.",Shonen,13,Finished Airing,03-04-2016,26-06-2016,2016,7.9,1234567,Action|Comedy|School|Super Power,4,,https://www.crunchyroll.com/series/G6NQ5DWZ6/my-hero-academia,,https://www.hulu.com/series/my-hero-academia-9a9a9a9a-9a9a-9a9a-9a9a-9a9a9a9a9a9a,https://www.funimation.com/shows/my-hero-academia/,,,,,3,https://cdn.myanimelist.net/images/anime/12/85221.jpg
23,My Hero Academia Season 2,UA Academy's Class 1-A has been the focus of a substantial amount of public attention due to the multiple villain attacks they've faced.,Shonen,25,Finished Airing,01-04-2017,30-09-2017,2017,8.2,1234567,Action|Comedy|School|Super Power,4,,https://www.crunchyroll.com/series/G6NQ5DWZ6/my-hero-academia,,https://www.hulu.com/series/my-hero-academia-9a9a9a9a-9a9a-9a9a-9a9a-9a9a9a9a9a9a,https://www.funimation.com/shows/my-hero-academia/,,,,,3,https://cdn.myanimelist.net/images/anime/12/85221.jpg
24,My Hero Academia Season 3,The students of Class 1-A are now in their second year at UA Academy and must face new challenges as they continue their journey to become professional heroes.,Shonen,25,Finished Airing,07-04-2018,29-09-2018,2018,8.3,1234567,Action|Comedy|School|Super Power,4,,https://www.crunchyroll.com/series/G6NQ5DWZ6/my-hero-academia,,https://www.hulu.com/series/my-hero-academia-9a9a9a9a-9a9a-9a9a-9a9a-9a9a9a9a9a9a,https://www.funimation.com/shows/my-hero-academia/,,,,,3,https://cdn.myanimelist.net/images/anime/1319/92084.jpg
25,My Hero Academia Season 4,"With All Might now retired, the world looks to the next generation of heroes to step up and protect society from the growing threat of villains.",Shonen,25,Finished Airing,12-10-2019,04-04-2020,2019,8.3,1234567,Action|Comedy|School|Super Power,4,,https://www.crunchyroll.com/series/G6NQ5DWZ6/my-hero-academia,,https://www.hulu.com/series/my-hero-academia-9a9a9a9a-9a9a-9a9a-9a9a-9a9a9a9a9a9a,https://www.funimation.com/shows/my-hero-academia/,,,,,3,https://cdn.myanimelist.net/images/anime/1412/107914.jpg
26,My Hero Academia Season 5,"Class 1-A faces off against Class 1-B in a joint training exercise, while the League of Villains continues to grow in power.",Shonen,25,Finished Airing,27-03-2021,25-09-2021,2021,7.9,1234567,Action|Comedy|School|Super Power,4,,https://www.crunchyroll.com/series/G6NQ5DWZ6/my-hero-academia,,https://www.hulu.com/series/my-hero-academia-9a9a9a9a-9a9a-9a9a-9a9a-9a9a9a9a9a9a,https://www.funimation.com/shows/my-hero-academia/,,,,,3,https://cdn.myanimelist.net/images/anime/1911/113611.jpg
27,My Hero Academia Season 6,"The heroes launch an all-out assault on the Paranormal Liberation Front, leading to the most intense battle the series has seen yet.",Shonen,25,Finished Airing,01-10-2022,25-03-2023,2022,8.5,1234567,Action|Comedy|School|Super Power,4,,https://www.crunchyroll.com/series/G6NQ5DWZ6/my-hero-academia,,https://www.hulu.com/series/my-hero-academia-9a9a9a9a-9a9a-9a9a-9a9a-9a9a9a9a9a9a,https://www.funimation.com/shows/my-hero-academia/,,,,,3,https://cdn.myanimelist.net/images/anime/1483/126005.jpg
28,Death Note,Light Yagami finds a supernatural notebook that grants him the power to kill anyone whose name he writes in it.,Shonen,37,Finished Airing,04-10-2006,27-06-2007,2006,8.6,2345678,Mystery|Psychological|Supernatural|Thriller,4,https://www.netflix.com/title/70204970,https://www.crunchyroll.com/series/GR751KNZY/death-note,,https://www.hulu.com/series/death-note-9a9a9a9a-9a9a-9a9a-9a9a-9a9a9a9a9a9a,,,,,,3,https://cdn.myanimelist.net/images/anime/1079/138100.jpg
29,Fullmetal Alchemist: Brotherhood,Two brothers search for a Philosopher's Stone after an attempt to revive their deceased mother goes awry and leaves them in damaged physical forms.,Shonen,64,Finished Airing,05-04-2009,04-07-2010,2009,9.1,2345678,Action|Adventure|Drama|Fantasy|Magic|Military,6,https://www.netflix.com/title/70204981,https://www.crunchyroll.com/series/GRGGPG93R/fullmetal-alchemist-brotherhood,,https://www.hulu.com/series/fullmetal-alchemist-brotherhood-9a9a9a9a-9a9a-9a9a-9a9a-9a9a9a9a9a9a,https://www.funimation.com/shows/fullmetal-alchemist-brotherhood/,,,,,4,https://cdn.myanimelist.net/images/anime/1208/94745.jpg
30,Tokyo Revengers,Takemichi Hanagaki discovers he can time-leap to his middle school years and tries to prevent the death of his ex-girlfriend.,Shonen,24,Finished Airing,11-04-2021,19-09-2021,2021,7.9,876543,Action|Drama|Supernatural,3,,https://www.crunchyroll.com/series/GRDV0019R/tokyo-revengers,,https://www.hulu.com/series/tokyo-revengers-9a9a9a9a-9a9a-9a9a-9a9a-9a9a9a9a9a9a,,,,,,2,https://cdn.myanimelist.net/images/anime/1839/122012.jpg
31,Tokyo Revengers: Christmas Showdown,Takemichi continues his efforts to change the future by preventing the bloody Christmas conflict between Tokyo Manji Gang and Moebius.,Shonen,13,Finished Airing,08-01-2023,02-04-2023,2023,8.2,876543,Action|Drama|Supernatural,3,,https://www.crunchyroll.com/series/GRDV0019R/tokyo-revengers,,https://www.hulu.com/series/tokyo-revengers-9a9a9a9a-9a9a-9a9a-9a9a-9a9a9a9a9a9a,,,,,,2,https://cdn.myanimelist.net/images/anime/1773/132313.jpg
32,Chainsaw Man,Denji is a teenage boy living with a Chainsaw Devil named Pochita. He becomes a Devil Hunter to pay off his debts.,Shonen,12,Finished Airing,12-10-2022,28-12-2022,2022,8.5,2345678,Action|Horror|Supernatural,3,,https://www.crunchyroll.com/series/GRDV0019R/chainsaw-man,,https://www.hulu.com/series/chainsaw-man-9a9a9a9a-9a9a-9a9a-9a9a-9a9a9a9a9a9a,,,,,,2,https://cdn.myanimelist.net/images/anime/1806/126216.jpg
33,Black Clover,"Asta and Yuno were abandoned together at the same church and have been inseparable since. As children, they promised to compete against each other to see who would become the next Emperor Magus.",Shonen,170,Finished Airing,03-10-2017,30-03-2021,2017,7.8,987654,Action|Comedy|Fantasy|Magic,4,,https://www.crunchyroll.com/series/GR751KNZY/black-clover,,https://www.hulu.com/series/black-clover-9a9a9a9a-9a9a-9a9a-9a9a-9a9a9a9a9a9a,https://www.funimation.com/shows/black-clover/,,,,,3,https://cdn.myanimelist.net/images/anime/2/88336.jpg
34,Fairy Tail,"Lucy is a 17-year-old girl who wants to be a full-fledged mage. One day she meets Natsu, a young man who gets sick easily by any type of transportation.",Shonen,328,Finished Airing,12-10-2009,29-03-2019,2009,7.5,876543,Action|Adventure|Comedy|Fantasy|Magic,5,,https://www.crunchyroll.com/series/GR751KNZY/fairy-tail,,https://www.hulu.com/series/fairy-tail-9a9a9a9a-9a9a-9a9a-9a9a-9a9a9a9a9a9a,https://www.funimation.com/shows/fairy-tail/,,,,,3,https://cdn.myanimelist.net/images/anime/5/18179.jpg
35,Sword Art Online,"In the year 2022, thousands of people get trapped in a new virtual MMORPG and the legendary game creator tells them the only way to escape is to beat the game.",Shonen,25,Finished Airing,08-07-2012,23-12-2012,2012,7.2,1234567,Action|Adventure|Fantasy|Game|Romance,5,https://www.netflix.com/title/80050063,https://www.crunchyroll.com/series/GR751KNZY/sword-art-online,,https://www.hulu.com/series/sword-art-online-9a9a9a9a-9a9a-9a9a-9a9a-9a9a9a9a9a9a,,,,,,3,https://cdn.myanimelist.net/images/anime/11/39717.jpg
36,Sword Art Online II,"A new Death Gun appears in Gun Gale Online, killing people in the real world by shooting their avatar in the game.",Shonen,24,Finished Airing,05-07-2014,20-12-2014,2014,7.4,1234567,Action|Adventure|Fantasy|Game|Romance,5,https://www.netflix.com/title/80050063,https://www.crunchyroll.com/series/GR751KNZY/sword-art-online,,https://www.hulu.com/series/sword-art-online-9a9a9a9a-9a9a-9a9a-9a9a-9a9a9a9a9a9a,,,,,,3,https://cdn.myanimelist.net/images/anime/1223/121999.jpg
37,Sword Art Online: Alicization,Kirito awakens in a mysterious virtual world with no memory of how he got there. He must uncover the secrets of this new world to find his way home.,Shonen,47,Finished Airing,07-10-2018,20-09-2020,2018,7.6,1234567,Action|Adventure|Fantasy|Game|Romance,5,,https://www.crunchyroll.com/series/GR751KNZY/sword-art-online,,https://www.hulu.com/series/sword-art-online-9a9a9a9a-9a9a-9a9a-9a9a-9a9a9a9a9a9a,,,,,,2,https://cdn.myanimelist.net/images/anime/1993/93837.jpg
38,Steins;Gate,"After discovering time travel, a university student and his friends must find a way to prevent a dystopian future.",Seinen,24,Finished Airing,06-04-2011,14-09-2011,2011,9.1,987654,Sci-Fi|Psychological|Thriller,3,,https://www.crunchyroll.com/series/GR751KNZY/steinsgate,,https://www.hulu.com/series/steinsgate-9a9a9a9a-9a9a-9a9a-9a9a-9a9a9a9a9a9a,https://www.funimation.com/shows/steinsgate/,,,,,3,https://cdn.myanimelist.net/images/anime/1935/127974.jpg
39,Steins;Gate 0,A continuation of Steins;Gate exploring the events following Okabe's failure to save Kurisu.,Seinen,23,Finished Airing,12-04-2018,27-09-2018,2018,8.6,876543,Sci-Fi|Psychological|Thriller,3,,https://www.crunchyroll.com/series/GR751KNZY/steinsgate,,https://www.hulu.com/series/steinsgate-9a9a9a9a-9a9a-9a9a-9a9a-9a9a9a9a9a9a,https://www.funimation.com/shows/steinsgate/,,,,,3,https://cdn.myanimelist.net/images/anime/1375/93521.jpg
40,Re:Zero - Starting Life in Another World Season 1,"Subaru Natsuki is transported to another world where he gains the ability to return from death, but must endure the pain of his repeated deaths.",Light Novel,25,Finished Airing,04-04-2016,19-09-2016,2016,8.2,1234567,Drama|Fantasy|Psychological|Thriller,4,,https://www.crunchyroll.com/series/GRDV0019R/rezero-starting-life-in-another-world,,https://www.hulu.com/series/rezero-starting-life-in-another-world-9a9a9a9a-9a9a-9a9a-9a9a-9a9a9a9a9a9a,,,,,,2,https://cdn.myanimelist.net/images/anime/1706/144725.jpg
41,Re:Zero - Starting Life in Another World Season 2,"Subaru continues his struggle in the other world, facing new challenges and uncovering more secrets about his ability.",Light Novel,25,Finished Airing,08-07-2020,24-03-2021,2020,8.6,1234567,Drama|Fantasy|Psychological|Thriller,4,,https://www.crunchyroll.com/series/GRDV0019R/rezero-starting-life-in-another-world,,https://www.hulu.com/series/rezero-starting-life-in-another-world-9a9a9a9a-9a9a-9a9a-9a9a-9a9a9a9a9a9a,,,,,,2,https://cdn.myanimelist.net/images/anime/1444/108005.jpg
42,The Rising of the Shield Hero Season 1,"Naofumi Iwatani is summoned to another world to become one of its four legendary heroes, but is betrayed and must rise from his disgrace.",Light Novel,25,Finished Airing,09-01-2019,26-06-2019,2019,7.9,987654,Action|Adventure|Drama|Fantasy,4,,https://www.crunchyroll.com/series/GRDV0019R/the-rising-of-the-shield-hero,,,https://www.funimation.com/shows/the-rising-of-the-shield-hero/,,,,,2,https://cdn.myanimelist.net/images/anime/1317/139802.jpg
43,The Rising of the Shield Hero Season 2,Naofumi and his companions face new threats as they continue their journey to protect the world from the Waves of Catastrophe.,Light Novel,13,Finished Airing,06-04-2022,29-06-2022,2022,7.1,876543,Action|Adventure|Drama|Fantasy,4,,https://www.crunchyroll.com/series/GRDV0019R/the-rising-of-the-shield-hero,,,https://www.funimation.com/shows/the-rising-of-the-shield-hero/,,,,,2,https://cdn.myanimelist.net/images/anime/1143/121873.jpg
44,The Rising of the Shield Hero Season 3,Naofumi and his party travel to a new continent where they encounter new allies and enemies.,Light Novel,12,Finished Airing,06-10-2023,22-12-2023,2023,7.5,765432,Action|Adventure|Drama|Fantasy,4,,https://www.crunchyroll.com/series/GRDV0019R/the-rising-of-the-shield-hero,,,https://www.funimation.com/shows/the-rising-of-the-shield-hero/,,,,,2,https://cdn.myanimelist.net/images/anime/1317/139802.jpg
45,Mushoku Tensei: Jobless Reincarnation Season 1,A 34-year-old NEET is reincarnated into a fantasy world where he resolves to live his new life without regrets.,Light Novel,23,Finished Airing,11-01-2021,20-12-2021,2021,8.4,987654,Adventure|Drama|Fantasy|Ecchi,4,,,,https://www.hulu.com/series/mushoku-tensei-jobless-reincarnation-9a9a9a9a-9a9a-9a9a-9a9a-9a9a9a9a9a9a,https://www.funimation.com/shows/mushoku-tensei-jobless-reincarnation/,,,,,2,https://cdn.myanimelist.net/images/anime/1898/138005.jpg
46,Mushoku Tensei: Jobless Reincarnation Season 2,"Rudeus continues his journey in the fantasy world, facing new challenges and meeting new companions.",Light Novel,25,Finished Airing,03-07-2023,18-12-2023,2023,8.7,987654,Adventure|Drama|Fantasy|Ecchi,4,,https://www.crunchyroll.com/series/GRDV0019R/mushoku-tensei-jobless-reincarnation,,https://www.hulu.com/series/mushoku-tensei-jobless-reincarnation-9a9a9a9a-9a9a-9a9a-9a9a-9a9a9a9a9a9a,,,,,,2,https://cdn.myanimelist.net/images/anime/1898/138005.jpg
47,That Time I Got Reincarnated as a Slime Season 1,A man is killed and reincarnated in another world as a slime with unique powers and gathers allies to build his own nation of monsters.,Light Novel,24,Finished Airing,02-10-2018,19-03-2019,2018,8.0,987654,Action|Adventure|Comedy|Fantasy,4,,https://www.crunchyroll.com/series/GRDV0019R/that-time-i-got-reincarnated-as-a-slime,,https://www.hulu.com/series/that-time-i-got-reincarnated-as-a-slime-9a9a9a9a-9a9a-9a9a-9a9a-9a9a9a9a9a9a,https://www.funimation.com/shows/that-time-i-got-reincarnated-as-a-slime/,,,,,3,https://cdn.myanimelist.net/images/anime/1271/109841.jpg
48,That Time I Got Reincarnated as a Slime Season 2,Rimuru continues to build his nation while facing threats from human kingdoms and other demon lords.,Light Novel,24,Finished Airing,12-01-2021,21-09-2021,2021,8.3,987654,Action|Adventure|Comedy|Fantasy,4,,https://www.crunchyroll.com/series/GRDV0019R/that-time-i-got-reincarnated-as-a-slime,,https://www.hulu.com/series/that-time-i-got-reincarnated-as-a-slime-9a9a9a9a-9a9a-9a9a-9a9a-9a9a9a9a9a9a,https://www.funimation.com/shows/that-time-i-got-reincarnated-as-a-slime/,,,,,3,https://cdn.myanimelist.net/images/anime/1271/109841.jpg
49,That Time I Got Reincarnated as a Slime Season 3,Rimuru faces new challenges as his nation grows in power and influence in the fantasy world.,Light Novel,24,Currently Airing,05-04-2024,,2024,,987654,Action|Adventure|Comedy|Fantasy,4,,https://www.crunchyroll.com/series/GRDV0019R/that-time-i-got-reincarnated-as-a-slime,,https://www.hulu.com/series/that-time-i-got-reincarnated-as-a-slime-9a9a9a9a-9a9a-9a9a-9a9a-9a9a9a9a9a9a,,,,,,2,https://cdn.myanimelist.net/images/anime/1211/143476.jpg
50,Overlord Season 1,"A player finds himself trapped in a virtual MMORPG world where he assumes the role of his character, the powerful skeletal mage Ainz Ooal Gown.",Light Novel,13,Finished Airing,07-07-2015,29-09-2015,2015,7.8,876543,Action|Adventure|Fantasy|Supernatural,4,,https://www.crunchyroll.com/series/GR751KNZY/overlord,,https://www.hulu.com/series/overlord-9a9a9a9a-9a9a-9a9a-9a9a-9a9a9a9a9a9a,https://www.funimation.com/shows/overlord/,,,,,3,https://cdn.myanimelist.net/images/anime/1270/138692.jpg
51,Overlord Season 2,Ainz continues to explore the new world and expand his influence while searching for other players who might have been transported like him.,Light Novel,13,Finished Airing,10-01-2018,04-04-2018,2018,7.8,876543,Action|Adventure|Fantasy|Supernatural,4,,https://www.crunchyroll.com/series/GR751KNZY/overlord,,https://www.hulu.com/series/overlord-9a9a9a9a-9a9a-9a9a-9a9a-9a9a9a9a9a9a,https://www.funimation.com/shows/overlord/,,,,,3,https://cdn.myanimelist.net/images/anime/1270/138692.jpg
52,Overlord Season 3,Ainz establishes the Sorcerer Kingdom and faces opposition from the human nations that fear his growing power.,Light Novel,13,Finished Airing,11-07-2018,02-10-2018,2018,7.7,876543,Action|Adventure|Fantasy|Supernatural,4,,https://www.crunchyroll.com/series/GR751KNZY/overlord,,https://www.hulu.com/series/overlord-9a9a9a9a-9a9a-9a9a-9a9a-9a9a9a9a9a9a,https://www.funimation.com/shows/overlord/,,,,,3,https://cdn.myanimelist.net/images/anime/1070/156613.jpg
53,Overlord Season 4,Ainz continues to expand his influence while dealing with internal and external threats to his newly established kingdom.,Light Novel,13,Finished Airing,05-07-2022,27-09-2022,2022,7.9,876543,Action|Adventure|Fantasy|Supernatural,4,,https://www.crunchyroll.com/series/GR751KNZY/overlord,,https://www.hulu.com/series/overlord-9a9a9a9a-9a9a-9a9a-9a9a-9a9a9a9a9a9a,,,,,,2,https://cdn.myanimelist.net/images/anime/1270/138692.jpg
54,Code Geass: Lelouch of the Rebellion,"Lelouch, an exiled prince, gains the power of Geass which allows him to command absolute obedience, and uses it to lead a rebellion against the Holy Britannian Empire.",Original,25,Finished Airing,06-10-2006,29-07-2007,2006,8.7,987654,Action|Drama|Mecha|Military|Sci-Fi|Supernatural,6,https://www.netflix.com/title/80065118,https://www.crunchyroll.com/series/GRMG8ZQZR/code-geass-lelouch-of-the-rebellion,,https://www.hulu.com/series/code-geass-lelouch-of-the-rebellion-9a9a9a9a-9a9a-9a9a-9a9a-9a9a9a9a9a9a,https://www.funimation.com/shows/code-geass/,,,,,4,https://cdn.myanimelist.net/images/anime/1032/135088.jpg
55,Code Geass: Lelouch of the Rebellion R2,"Lelouch continues his rebellion against Britannia with new allies and enemies, while his sister Nunnally becomes the new Viceroy of Area 11.",Original,25,Finished Airing,06-04-2008,28-09-2008,2008,9.0,987654,Action|Drama|Mecha|Military|Sci-Fi|Supernatural,6,https://www.netflix.com/title/80065118,https://www.crunchyroll.com/series/GRMG8ZQZR/code-geass-lelouch-of-the-rebellion,,https://www.hulu.com/series/code-geass-lelouch-of-the-rebellion-9a9a9a9a-9a9a-9a9a-9a9a-9a9a9a9a9a9a,https://www.funimation.com/shows/code-geass/,,,,,4,https://cdn.myanimelist.net/images/anime/1088/135089.jpg
56,Cowboy Bebop,The futuristic misadventures and tragedies of an easygoing bounty hunter and his partners.,Original,26,Finished Airing,03-04-1998,24-04-1999,1998,8.8,876543,Action|Adventure|Comedy|Drama|Sci-Fi|Space,6,https://www.netflix.com/title/80001345,https://www.crunchyroll.com/series/GRQNVGK3Y/cowboy-bebop,,https://www.hulu.com/series/cowboy-bebop-9a9a9a9a-9a9a-9a9a-9a9a-9a9a9a9a9a9a,https://www.funimation.com/shows/cowboy-bebop/,,,,,4,https://cdn.myanimelist.net/images/anime/4/19644.jpg
57,Neon Genesis Evangelion,"In 2015, 14-year-old Shinji Ikari is recruited by his father to the shadowy organization Nerv to pilot a giant bio-machine mecha called an Evangelion to fight beings called Angels.",Original,26,Finished Airing,04-10-1995,27-03-1996,1995,8.3,987654,Action|Drama|Mecha|Psychological|Sci-Fi,5,https://www.netflix.com/title/81033445,,,,,,,,,1,https://cdn.myanimelist.net/images/anime/1314/108941.jpg
58,Neon Genesis Evangelion: The End of Evangelion,The controversial finale to the Neon Genesis Evangelion series that provides an alternate ending to the TV series.,Movie,1,Finished Airing,19-07-1997,19-07-1997,1997,8.6,876543,Action|Drama|Mecha|Psychological|Sci-Fi,5,https://www.netflix.com/title/81033445,,,,,,,,,1,https://cdn.myanimelist.net/images/anime/1404/98182.jpg
59,Berserk,"Guts, a wandering mercenary, joins the Band of the Hawk, a group of elite mercenaries led by the charismatic Griffith.",Seinen,25,Finished Airing,08-10-1997,01-04-1998,1997,8.4,765432,Action|Adventure|Drama|Fantasy|Horror|Military|Supernatural,7,,https://www.crunchyroll.com/series/GR751KNZY/berserk,,,,,,,,1,https://cdn.myanimelist.net/images/anime/10/79352.jpg
60,Berserk,A continuation of the Berserk story following the events of the Golden Age arc.,Seinen,12,Finished Airing,01-07-2016,16-09-2016,2016,6.3,654321,Action|Adventure|Drama|Fantasy|Horror|Military|Supernatural,7,,https://www.crunchyroll.com/series/GR751KNZY/berserk,,,,,,,,1,https://cdn.myanimelist.net/images/anime/10/79352.jpg
61,Berserk,"Continuation of the 2016 Berserk series, following Guts as he continues his journey with new companions.",Seinen,12,Finished Airing,07-04-2017,23-06-2017,2017,6.5,654321,Action|Adventure|Drama|Fantasy|Horror|Military|Supernatural,7,,https://www.crunchyroll.com/series/GR751KNZY/berserk,,,,,,,,1,https://cdn.myanimelist.net/images/anime/10/79352.jpg
62,JoJo's Bizarre Adventure,"The story of the Joestar family, who are possessed with intense psychic strength, and the adventures each member encounters throughout their lives.",Shonen,26,Finished Airing,06-10-2012,06-04-2013,2012,7.8,1234567,Action|Adventure|Supernatural,3,https://www.netflix.com/title/80179831,https://www.crunchyroll.com/series/GRQNVGK3Y/jojos-bizarre-adventure,,,,,,,,2,https://cdn.myanimelist.net/images/anime/3/40409.jpg
63,JoJo's Bizarre Adventure: Stardust Crusaders,Jotaro Kujo and his friends embark on a journey to Egypt to save his mother's life by defeating the vampire Dio.,Shonen,48,Finished Airing,05-04-2014,20-06-2015,2014,8.2,1234567,Action|Adventure|Supernatural,3,https://www.netflix.com/title/80179831,https://www.crunchyroll.com/series/GR19VEX06/jojos-bizarre-adventure-stardust-crusaders,,,,,,,,2,https://cdn.myanimelist.net/images/anime/11/55267.jpg
64,JoJo's Bizarre Adventure: Diamond Is Unbreakable,"In the town of Morioh, Josuke Higashikata and his friends must protect their home from supernatural threats.",Shonen,39,Finished Airing,02-04-2016,24-12-2016,2016,8.3,1234567,Action|Adventure|Supernatural,3,https://www.netflix.com/title/80179831,https://www.crunchyroll.com/series/GR19VEX06/jojos-bizarre-adventure-diamond-is-unbreakable,,,,,,,,2,https://cdn.myanimelist.net/images/anime/3/79156.jpg
65,JoJo's Bizarre Adventure: Golden Wind,Giorno Giovanna joins the mafia in order to become a gangster and reform the organization from within.,Shonen,39,Finished Airing,06-10-2018,28-07-2019,2018,8.6,1234567,Action|Adventure|Supernatural,3,https://www.netflix.com/title/80179831,https://www.crunchyroll.com/series/GR19VEX06/jojos-bizarre-adventure-golden-wind,,,,,,,,2,https://cdn.myanimelist.net/images/anime/1882/94989.jpg
66,JoJo's Bizarre Adventure: Stone Ocean,"Jolyne Cujoh, daughter of Jotaro Kujo, is wrongfully accused of a crime and sent to prison, where she must fight to clear her name.",Shonen,38,Finished Airing,01-12-2021,01-12-2022,2021,8.5,1234567,Action|Adventure|Supernatural,3,https://www.netflix.com/title/80179831,,,,,,,,,1,https://cdn.myanimelist.net/images/anime/1896/119844.jpg
67,Haikyuu!!,"Shouyou Hinata, a short middle school student, gains a sudden love of volleyball after seeing a national championship match on TV.",Shonen,25,Finished Airing,06-04-2014,21-09-2014,2014,8.4,987654,Sports|Comedy|Drama|School,4,https://www.netflix.com/title/80090673,https://www.crunchyroll.com/series/GR751KNZY/haikyu,,,,,,,,2,https://cdn.myanimelist.net/images/anime/7/76014.jpg
68,Haikyuu!! Second Season,Hinata and Kageyama continue to develop as players as they aim for the national tournament with their team.,Shonen,25,Finished Airing,04-10-2015,27-03-2016,2015,8.6,987654,Sports|Comedy|Drama|School,4,https://www.netflix.com/title/80090674,https://www.crunchyroll.com/series/GR751KNZY/haikyu,,,,,,,,2,https://cdn.myanimelist.net/images/anime/9/76662.jpg
69,Haikyuu!! Third Season,Karasuno faces off against Shiratorizawa in the finals of the Miyagi Prefecture qualifiers.,Shonen,10,Finished Airing,08-10-2016,10-12-2016,2016,8.9,987654,Sports|Comedy|Drama|School,4,https://www.netflix.com/title/80186926,https://www.crunchyroll.com/series/GR751KNZY/haikyu,,,,,,,,2,https://cdn.myanimelist.net/images/anime/7/81992.jpg
70,Haikyuu!! To the Top,The Karasuno volleyball team competes in the national tournament against the strongest teams in Japan.,Shonen,25,Finished Airing,10-01-2020,04-10-2020,2020,8.8,987654,Sports|Comedy|Drama|School,4,https://www.netflix.com/title/81037582,https://www.crunchyroll.com/series/GR751KNZY/haikyu,,,,,,,,2,https://cdn.myanimelist.net/images/anime/1813/105367.jpg
71,Kuroko's Basketball,The Teiko Middle School basketball team was known for its legendary generation of players called 'The Generation of Miracles'.,Shonen,25,Finished Airing,08-04-2012,23-09-2012,2012,8.1,876543,Sports|Comedy|School,3,https://www.netflix.com/title/70299043,https://www.crunchyroll.com/series/GY8VM8WGY/kurokos-basketball,,,,,,,,2,https://cdn.myanimelist.net/images/anime/11/50453.jpg
72,Kuroko's Basketball 2,"Seirin High continues to compete in the Winter Cup tournament, facing off against the other members of the Generation of Miracles.",Shonen,25,Finished Airing,06-10-2013,30-03-2014,2013,8.4,876543,Sports|Comedy|School,3,https://www.netflix.com/title/70301896,https://www.crunchyroll.com/series/GY8VM8WGY/kurokos-basketball,,,,,,,,2,https://cdn.myanimelist.net/images/anime/9/56155.jpg
73,Kuroko's Basketball 3,"The Winter Cup reaches its climax as Seirin faces off against Rakuzan, the strongest team in Japan.",Shonen,25,Finished Airing,11-01-2015,29-06-2015,2015,8.7,876543,Sports|Comedy|School,3,https://www.netflix.com/title/80050063,https://www.crunchyroll.com/series/GY8VM8WGY/kurokos-basketball,,,,,,,,2,https://cdn.myanimelist.net/images/anime/4/68299.jpg
74,Blue Lock,"After Japan's poor performance in the 2018 World Cup, the Japan Football Union decides to hire the enigmatic Jinpachi Ego to lead a project designed to create the world's greatest egotist striker.",Shonen,24,Finished Airing,09-10-2022,26-03-2023,2022,8.3,987654,Sports|Action|Psychological,3,,https://www.crunchyroll.com/series/G4PH0WXVJ/blue-lock,,,,,,,,1,https://cdn.myanimelist.net/images/anime/1258/126929.jpg
75,Dr. Stone,"After waking up in a world where humanity has been petrified, scientific genius Senku and his friends work to rebuild civilization.",Shonen,24,Finished Airing,05-07-2019,13-12-2019,2019,8.2,876543,Adventure|Comedy|Sci-Fi,3,,https://www.crunchyroll.com/series/GRDV0019R/dr-stone,,,https://www.funimation.com/shows/dr-stone/,,,,,2,https://cdn.myanimelist.net/images/anime/1613/102576.jpg
76,Spy x Family,"A spy forms a fake family to complete a mission, unaware that his adopted daughter is a telepath and his wife is an assassin.",Shonen,25,Currently Airing,09-04-2022,,2022,8.7,1456789,Action|Comedy|Slice of Life,3,,https://www.crunchyroll.com/series/G4PH0WQ4Y/spy-x-family,,https://www.hulu.com/series/spy-x-family-df383b0a-1c3e-4e2b-9f0a-7a0b5e8b0b1a,,,,,,2,https://cdn.myanimelist.net/images/anime/1441/122795.jpg
77,Mob Psycho 100,A psychic middle school boy tries to live a normal life and keep his growing powers under control.,Shonen,12,Finished Airing,12-07-2016,27-09-2016,2016,8.5,987654,Action|Comedy|Supernatural,3,,https://www.crunchyroll.com/series/GRG51K806/mob-psycho-100,,,https://www.funimation.com/shows/mob-psycho-100/,,,,,2,https://cdn.myanimelist.net/images/anime/8/80356.jpg
78,Mob Psycho 100 II,Mob continues to mature as he faces new challenges and more powerful espers.,Shonen,13,Finished Airing,07-01-2019,01-04-2019,2019,8.9,987654,Action|Comedy|Supernatural,3,,https://www.crunchyroll.com/series/GRG51K806/mob-psycho-100,,,https://www.funimation.com/shows/mob-psycho-100/,,,,,2,https://cdn.myanimelist.net/images/anime/1918/96303.jpg
79,Mob Psycho 100 III,The final season where Mob faces his greatest challenges yet.,Shonen,12,Finished Airing,06-10-2022,22-12-2022,2022,9.1,987654,Action|Comedy|Supernatural,3,,https://www.crunchyroll.com/series/GRG51K806/mob-psycho-100,,,,,,,,1,https://cdn.myanimelist.net/images/anime/1228/125011.jpg
80,The Promised Neverland,Orphans discover their idyllic home is actually a farm where they're raised as food for demons.,Shonen,12,Finished Airing,10-01-2019,29-03-2019,2019,8.6,1234567,Mystery|Horror|Psychological|Thriller,4,,https://www.crunchyroll.com/series/GY5P48XEY/the-promised-neverland,,https://www.hulu.com/series/the-promised-neverland-5c3c3e3a-9b3a-4b3a-8b3a-3b3a3b3a3b3a,,,,,,2,https://cdn.myanimelist.net/images/anime/1830/118780.jpg
81,The Promised Neverland Season 2,Emma and the other children escape the farm and search for a way to survive in the demon world.,Shonen,11,Finished Airing,08-01-2021,26-03-2021,2021,6.8,987654,Mystery|Horror|Psychological|Thriller,4,,https://www.crunchyroll.com/series/GRDV0019R/the-promised-neverland,,https://www.hulu.com/series/the-promised-neverland-2c64a7e4-2f0b-4b5c-9b9a-0b9b9b9b9b9b,,,,,,2,https://cdn.myanimelist.net/images/anime/1815/110626.jpg
82,Fire Force,Special firefighters fight infernals and investigate a mysterious phenomenon turning people into living flames.,Shonen,24,Finished Airing,06-07-2019,28-12-2019,2019,7.7,876543,Action|Supernatural,2,,https://www.crunchyroll.com/series/GY5P48XEY/fire-force,,,https://www.funimation.com/shows/fire-force/,,,,,2,https://cdn.myanimelist.net/images/anime/1664/103275.jpg
83,Fire Force Season 2,Shinra continues to investigate the mysteries of spontaneous human combustion while facing new enemies.,Shonen,24,Finished Airing,04-07-2020,12-12-2020,2020,8.0,876543,Action|Supernatural,2,,https://www.crunchyroll.com/series/GY5P48XEY/fire-force,,,https://www.funimation.com/shows/fire-force/,,,,,2,https://cdn.myanimelist.net/images/anime/1673/107657.jpg
84,Soul Eater,Students at the Death Weapon Meister Academy train to become weapons and the wielders who use them.,Shonen,51,Finished Airing,07-04-2008,30-03-2009,2008,7.8,765432,Action|Comedy|Fantasy|Supernatural,4,,,,https://www.hulu.com/series/soul-eater-5b5b5b5b-5b5b-5b5b-5b5b-5b5b5b5b5b5b,https://www.funimation.com/shows/soul-eater/,,,,,2,https://cdn.myanimelist.net/images/anime/1071/149486.jpg
85,Noragami,A minor deity seeks to gain worshipers and build his reputation while helping a girl whose soul frequently leaves her body.,Shonen,12,Finished Airing,05-01-2014,23-03-2014,2014,7.9,654321,Action|Adventure|Supernatural,3,,https://www.crunchyroll.com/series/G6X3JVD0Y/noragami,,https://www.hulu.com/series/noragami-5b5b5b5b-5b5b-5b5b-5b5b-5b5b5b5b5b5b,,,,,,2,https://cdn.myanimelist.net/images/anime/1886/128266.jpg
86,Noragami Aragoto,Yato faces his dark past when a god from his history returns to exact revenge.,Shonen,13,Finished Airing,03-10-2015,26-12-2015,2015,8.3,654321,Action|Adventure|Supernatural,3,,https://www.crunchyroll.com/series/G6X3JVD0Y/noragami,,https://www.hulu.com/series/noragami-aragoto-5b5b5b5b-5b5b-5b5b-5b5b-5b5b5b5b5b5b,,,,,,2,https://cdn.myanimelist.net/images/anime/1689/94850.jpg
87,Parasyte: The Maxim,A high school boy becomes partially infected by an alien parasite that failed to take over his brain.,Seinen,24,Finished Airing,09-10-2014,26-03-2015,2014,8.4,876543,Action|Horror|Psychological|Sci-Fi,4,,https://www.crunchyroll.com/series/GY5P48XEY/parasyte-the-maxim,,https://www.hulu.com/series/parasyte-the-maxim-5b5b5b5b-5b5b-5b5b-5b5b-5b5b5b5b5b5b,,,,,,2,https://cdn.myanimelist.net/images/anime/3/73178.jpg
88,Psycho Pass,"In a dystopian future, inspectors enforce the law based on a system that measures people's mental states for criminal intent.",Seinen,22,Finished Airing,12-10-2012,22-03-2013,2012,8.3,765432,Action|Mystery|Psychological|Sci-Fi,4,,https://www.crunchyroll.com/series/GY5P48XEY/psycho-pass,,,https://www.funimation.com/shows/psycho-pass/,,,,,2,https://cdn.myanimelist.net/images/anime/1314/142015.jpg
89,Psycho Pass 2,New cases challenge Akane's faith in the Sibyl System as more flaws in the perfect society are revealed.,Seinen,11,Finished Airing,10-10-2014,19-12-2014,2014,7.7,654321,Action|Mystery|Psychological|Sci-Fi,4,,https://www.crunchyroll.com/series/GY5P48XEY/psycho-pass,,,https://www.funimation.com/shows/psycho-pass/,,,,,2,https://cdn.myanimelist.net/images/anime/1197/100616.jpg
90,Psycho Pass 3,New inspectors Arata Shindo and Kei Mikhail Ignatov investigate cases in a world where the Sibyl System's authority is being questioned.,Seinen,8,Finished Airing,25-10-2019,13-12-2019,2019,7.9,543210,Action|Mystery|Psychological|Sci-Fi,4,,,https://www.amazon.com/Psycho-Pass-3-Season-1/dp/B07ZQZQZQZ,,,,,,,1,https://cdn.myanimelist.net/images/anime/1406/104344.jpg
91,Erased,A man gains the ability to travel back in time moments before a life-threatening incident occurs.,Seinen,12,Finished Airing,08-01-2016,25-03-2016,2016,8.3,876543,Mystery|Psychological|Supernatural,3,,https://www.crunchyroll.com/series/GY5P48XEY/erased,,https://www.hulu.com/series/erased-5b5b5b5b-5b5b-5b5b-5b5b-5b5b5b5b5b5b,,,,,,2,https://cdn.myanimelist.net/images/anime/10/77957.jpg
92,Made in Abyss,An orphan girl explores a massive abyss filled with ancient relics and dangerous creatures.,Seinen,13,Finished Airing,07-07-2017,29-09-2017,2017,8.7,765432,Adventure|Drama|Fantasy|Mystery|Sci-Fi,5,,,https://www.amazon.com/Made-in-Abyss-Season-1/dp/B07ZQZQZQZ,,,,,https://www.hidive.com/tv/made-in-abyss,,2,https://cdn.myanimelist.net/images/anime/6/86733.jpg
93,Made in Abyss: Dawn of the Deep Soul,"Riko and Reg venture deeper into the Abyss where they encounter Bondrewd, a legendary White Whistle.",Movie,1,Finished Airing,17-01-2020,17-01-2020,2020,9.0,654321,Adventure|Drama|Fantasy|Mystery|Sci-Fi,5,,,https://www.amazon.com/Made-in-Abyss-Dawn-of-the-Deep-Soul/dp/B07ZQZQZQZ,,,,,,,1,https://cdn.myanimelist.net/images/anime/1803/117183.jpg
94,Made in Abyss: The Golden City of the Scorching Sun,Riko and Reg reach the sixth layer of the Abyss where they encounter a mysterious village.,Seinen,12,Finished Airing,06-07-2022,28-09-2022,2022,9.1,765432,Adventure|Drama|Fantasy|Mystery|Sci-Fi,5,,,,,,,,https://www.hidive.com/tv/made-in-abyss-the-golden-city-of-the-scorching-sun,,1,https://cdn.myanimelist.net/images/anime/1874/125099.jpg
95,The Devil Is a Part-Timer!,The Devil King is forced to work at a fast food restaurant after being transported to modern Tokyo.,Light Novel,13,Finished Airing,04-04-2013,27-06-2013,2013,7.8,654321,Comedy|Fantasy,2,,https://www.crunchyroll.com/series/GY5P48XEY/the-devil-is-a-part-timer,,,https://www.funimation.com/shows/the-devil-is-a-part-timer/,,,,,2,https://cdn.myanimelist.net/images/anime/3/50177.jpg
96,The Devil Is a Part-Timer! Season 2,Maou and his demon generals continue their lives in Tokyo while facing new threats from their old world.,Light Novel,12,Finished Airing,14-07-2022,29-09-2022,2022,7.5,543210,Comedy|Fantasy,2,,https://www.crunchyroll.com/series/GY5P48XEY/the-devil-is-a-part-timer,,,,,,,,1,https://cdn.myanimelist.net/images/anime/1502/124354.jpg
97,No Game No Life,Two genius siblings are transported to a world where all conflicts are resolved through games.,Light Novel,12,Finished Airing,09-04-2014,25-06-2014,2014,8.1,876543,Adventure|Comedy|Ecchi|Fantasy,4,,,,,,,,https://www.hidive.com/tv/no-game-no-life,,1,https://cdn.myanimelist.net/images/anime/1074/111944.jpg
98,No Game No Life: Zero,"A prequel movie set 6,000 years before the main series, during the Great War between the races.",Movie,1,Finished Airing,15-07-2017,15-07-2017,2017,8.4,765432,Adventure|Drama|Fantasy|Romance,4,,,,,,,,https://www.hidive.com/movies/no-game-no-life-zero,,1,https://cdn.myanimelist.net/images/anime/1085/90759.jpg
99,Konosuba: God's Blessing on This Wonderful World!,"After dying in a humiliating accident, Kazuma is sent to a fantasy world where he forms a dysfunctional party with a goddess, a mage, and a crusader.",Light Novel,10,Finished Airing,14-01-2016,17-03-2016,2016,8.0,876543,Adventure|Comedy|Fantasy|Parody,4,,https://www.crunchyroll.com/series/GY5P48XEY/konosuba-gods-blessing-on-this-wonderful-world,,,,,,,,1,https://cdn.myanimelist.net/images/anime/1895/142748.jpg
100,Konosuba: God's Blessing on This Wonderful World! 2,"Kazuma and his party continue their misadventures in the fantasy world, facing new challenges and enemies.",Light Novel,10,Finished Airing,12-01-2017,16-03-2017,2017,8.2,876543,Adventure|Comedy|Fantasy|Parody,4,,https://www.crunchyroll.com/series/GY5P48XEY/konosuba-gods-blessing-on-this-wonderful-world,,,,,,,,1,https://cdn.myanimelist.net/images/anime/2/83188.jpg
101,Konosuba: Legend of Crimson,Kazuma and his party travel to Megumin's hometown where they get involved in a crisis involving the Crimson Demon clan.,Movie,1,Finished Airing,30-08-2019,30-08-2019,2019,8.4,765432,Adventure|Comedy|Fantasy|Parody,4,,https://www.crunchyroll.com/movies/konosuba-legend-of-crimson,,,,,,,,1,https://cdn.myanimelist.net/images/anime/1638/119321.jpg
102,Konosuba: An Explosion on This Wonderful World!,A spin-off focusing on Megumin's past and her journey to become an explosion magic specialist.,Light Novel,12,Finished Airing,06-04-2023,22-06-2023,2023,8.1,654321,Adventure|Comedy|Fantasy,3,,https://www.crunchyroll.com/series/GY5P48XEY/konosuba-an-explosion-on-this-wonderful-world,,,,,,,,1,https://cdn.myanimelist.net/images/anime/1626/135844.jpg
103,The Saga of Tanya the Evil,A ruthless salaryman is reincarnated as a little girl in an alternate world's military during wartime.,Light Novel,12,Finished Airing,06-01-2017,31-03-2017,2017,7.9,654321,Action|Fantasy|Military,3,,https://www.crunchyroll.com/series/GY5P48XEY/the-saga-of-tanya-the-evil,,,,,,,,1,https://cdn.myanimelist.net/images/anime/5/82890.jpg
104,The Saga of Tanya the Evil: The Movie,Tanya faces her greatest challenge yet as the war escalates to new heights.,Movie,1,Finished Airing,08-02-2019,08-02-2019,2019,8.1,543210,Action|Fantasy|Military,3,,https://www.crunchyroll.com/movies/the-saga-of-tanya-the-evil-the-movie,,,,,,,,1,https://cdn.myanimelist.net/images/anime/1249/117182.jpg
105,Reincarnated as a Sword,A man reincarnates as a sentient sword and becomes the weapon of a young catgirl warrior.,Light Novel,12,Finished Airing,05-10-2022,21-12-2022,2022,7.6,432109,Action|Adventure|Fantasy,3,,,,,,,,https://www.hidive.com/tv/reincarnated-as-a-sword,,1,https://cdn.myanimelist.net/images/anime/1191/127909.jpg
106,The Eminence in Shadow,A boy obsessed with becoming a shadowy mastermind behind the scenes gets reincarnated into a fantasy world.,Light Novel,20,Finished Airing,05-10-2022,15-02-2023,2022,8.2,543210,Action|Comedy|Fantasy,3,,,,,,,,https://www.hidive.com/tv/the-eminence-in-shadow,,1,https://cdn.myanimelist.net/images/anime/1091/128729.jpg
107,Log Horizon,Thousands of players are trapped in the MMORPG Elder Tale and must learn to live in this new world.,Light Novel,25,Finished Airing,05-10-2013,22-03-2014,2013,7.9,543210,Action|Adventure|Fantasy|Game,4,,https://www.crunchyroll.com/series/GY5P48XEY/log-horizon,,,,,,,,1,https://cdn.myanimelist.net/images/anime/5/84004.jpg
108,Log Horizon 2,Shiroe and his allies continue to build their society in the game world while facing new threats.,Light Novel,25,Finished Airing,04-10-2014,28-03-2015,2014,7.7,432109,Action|Adventure|Fantasy|Game,4,,https://www.crunchyroll.com/series/GY5P48XEY/log-horizon,,,,,,,,1,https://cdn.myanimelist.net/images/anime/5/68097.jpg
109,Log Horizon: Destruction of the Round Table,The third season where tensions rise among the adventurers as new conflicts emerge.,Light Novel,12,Finished Airing,13-01-2021,31-03-2021,2021,7.5,321098,Action|Adventure|Fantasy|Game,4,,https://www.crunchyroll.com/series/GY5P48XEY/log-horizon,,,,,,,,1,https://cdn.myanimelist.net/images/anime/1510/108026.jpg
110,The Irregular at Magic High School,"In a world where magic is treated as a technology, a brother and sister enroll at a prestigious magic high school.",Light Novel,26,Finished Airing,06-04-2014,28-09-2014,2014,7.5,654321,Action|Fantasy|Sci-Fi,3,,https://www.crunchyroll.com/series/GY5P48XEY/the-irregular-at-magic-high-school,,,https://www.funimation.com/shows/the-irregular-at-magic-high-school/,,,,,2,https://cdn.myanimelist.net/images/anime/11/61039.jpg
111,The Irregular at Magic High School: Visitor Arc,Tatsuya and Miyuki face new challenges when foreign magicians visit their school.,Light Novel,13,Finished Airing,04-10-2020,27-12-2020,2020,7.6,543210,Action|Fantasy|Sci-Fi,3,,https://www.crunchyroll.com/series/GY5P48XEY/the-irregular-at-magic-high-school,,,,,,,,1,https://cdn.myanimelist.net/images/anime/1322/114329.jpg
112,The Irregular at Magic High School: Reminiscence Arc,A flashback to Tatsuya and Miyuki's past before enrolling at First High School.,Special,1,Finished Airing,31-12-2021,31-12-2021,2021,7.4,432109,Action|Fantasy|Sci-Fi,3,,https://www.crunchyroll.com/series/GY5P48XEY/the-irregular-at-magic-high-school,,,,,,,,1,https://cdn.myanimelist.net/images/anime/1847/120234.jpg
113,Classroom of the Elite,Students in a prestigious academy compete in a ruthless ranking system where only the best survive.,Light Novel,12,Finished Airing,12-07-2017,27-09-2017,2017,7.9,765432,Drama|Psychological,2,,https://www.crunchyroll.com/series/GY5P48XEY/classroom-of-the-elite,,,,,,,,1,https://cdn.myanimelist.net/images/anime/5/86830.jpg
114,Classroom of the Elite II,Ayanokouji continues to manipulate events behind the scenes as the competition between classes intensifies.,Light Novel,13,Finished Airing,04-07-2022,26-09-2022,2022,8.3,654321,Drama|Psychological,2,,https://www.crunchyroll.com/series/GY5P48XEY/classroom-of-the-elite,,,,,,,,1,https://cdn.myanimelist.net/images/anime/1010/124180.jpg
115,Classroom of the Elite III,The third season continues Ayanokouji's machinations as the school year approaches its climax.,Light Novel,13,Currently Airing,03-01-2024,,2024,,543210,Drama|Psychological,2,,https://www.crunchyroll.com/series/GY5P48XEY/classroom-of-the-elite,,,,,,,,1,https://cdn.myanimelist.net/images/anime/1332/139318.jpg
116,The Misfit of Demon King Academy,"The demon king reincarnates 2,000 years later to find the world has changed and magic has declined.",Light Novel,13,Finished Airing,04-07-2020,26-09-2020,2020,7.8,543210,Action|Fantasy,2,,https://www.crunchyroll.com/series/GY5P48XEY/the-misfit-of-demon-king-academy,,,,,,,,1,https://cdn.myanimelist.net/images/anime/1126/108573.jpg
117,The Misfit of Demon King Academy II,Anos continues his education while uncovering more secrets about the world's changed state.,Light Novel,12,Finished Airing,08-01-2023,02-04-2023,2023,8.1,432109,Action|Fantasy,2,,https://www.crunchyroll.com/series/GY5P48XEY/the-misfit-of-demon-king-academy,,,,,,,,1,https://cdn.myanimelist.net/images/anime/1369/139553.jpg
118,Horimiya,Two high school students with contrasting personalities form an unlikely friendship that blossoms into romance.,Shonen,13,Finished Airing,10-01-2021,04-04-2021,2021,8.2,876543,Comedy|Romance|Slice of Life,3,,https://www.crunchyroll.com/series/GY5P48XEY/horimiya,,,https://www.funimation.com/shows/horimiya/,,,,,2,https://cdn.myanimelist.net/images/anime/1695/111486.jpg
119,Your Lie in April,A piano prodigy rediscovers his passion for music with the help of a free-spirited violinist.,Shonen,22,Finished Airing,10-10-2014,20-03-2015,2014,8.7,987654,Drama|Music|Romance,3,https://www.netflix.com/title/80050063,https://www.crunchyroll.com/series/GY5P48XEY/your-lie-in-april,,,,,,,,2,https://cdn.myanimelist.net/images/anime/1405/143284.jpg
120,Dragon Ball Daima,"Goku and his friends who are unexpectedly turned into children due to a conspiracy, prompting them to embark on a journey to a new world to reverse the change.",Shonen,20,Finished Airing,11-10-2024,28-02-2025,2024,7.9,932109,Action|Adventure|Comedy|Fantasy|Martial Arts|Super Power,6,https://www.netflix.com/title/81280917,https://www.crunchyroll.com/series/GY5P48XEY/dragon-ball-daima,https://www.amazon.com/Dragon-Ball-Daima-Season-1/dp/B0CQZQZQZQ,,,,,,,3,https://cdn.myanimelist.net/images/anime/1723/145231.jpg
121,Solo Leveling,"In a world where hunters battle monsters, the weakest hunter gains a mysterious power to level up.",Webtoon,12,Currently Airing,06-01-2024,,2024,8.5,987654,Action|Adventure|Fantasy,3,,https://www.crunchyroll.com/series/GY5P48XEY/solo-leveling,,,,,,,,1,https://cdn.myanimelist.net/images/anime/1801/142390.jpg
122,Demon Slayer: Kimetsu no Yaiba - Hashira Training Arc,Tanjiro and his fellow Demon Slayers undergo rigorous training under the Hashira to prepare for the impending battle against Muzan Kibutsuji and the Upper Rank demons.,Shonen,8,Currently Airing,12-05-2024,TBA,2024,9.0,3456789,Action|Adventure|Demons|Historical|Supernatural,5,https://www.netflix.com/title/81091393,https://www.crunchyroll.com/series/GY5P48XEY/demon-slayer-kimetsu-no-yaiba,,https://www.hulu.com/series/demon-slayer-kimetsu-no-yaiba-5b5b5b5b-5b5b-5b5b-5b5b-5b5b5b5b5b5b,,,,,,3,https://cdn.myanimelist.net/images/anime/1565/142711.jpg
123,Fullmetal Alchemist,Two brothers search for the Philosopher's Stone to restore their bodies after a failed alchemical experiment.,Shonen,51,Finished Airing,04-10-2003,02-10-2004,2003,8.6,1500000,Action|Adventure|Drama|Fantasy,4,,https://www.crunchyroll.com/series/GY5P48XEY/fullmetal-alchemist,,https://www.hulu.com/series/fullmetal-alchemist-5b5b5b5b-5b5b-5b5b-5b5b-5b5b5b5b5b5b,https://www.funimation.com/shows/fullmetal-alchemist/,,,,,3,https://cdn.myanimelist.net/images/anime/10/75815.jpg
124,Monster,A brilliant neurosurgeon finds his life ruined after saving a young boy who grows up to be a monstrous serial killer.,Seinen,74,Finished Airing,07-04-2004,28-09-2005,2004,8.9,800000,Drama|Mystery|Horror|Psychological|Thriller|Seinen,6,https://www.netflix.com/title/70204970,,,,,,,,,1,https://cdn.myanimelist.net/images/anime/1648/152231.jpg
125,Gintama,"In an alternate Edo period where aliens have taken over, a samurai works odd jobs to pay the rent while dreaming of better days.",Shonen,367,Finished Airing,04-04-2006,08-10-2018,2006,9.0,1200000,Action|Comedy|Historical|Parody|Samurai|Sci-Fi,6,,https://www.crunchyroll.com/series/GY5P48XEY/gintama,,https://www.hulu.com/series/gintama-5b5b5b5b-5b5b-5b5b-5b5b-5b5b5b5b5b5b,,,,,,2,https://cdn.myanimelist.net/images/anime/4/50361.jpg
126,Hajime no Ippo,A shy high school student discovers boxing and begins his journey to become a professional boxer.,Shonen,75,Finished Airing,04-10-2000,27-03-2002,2000,8.8,700000,Action|Comedy|Drama|Sports,4,,https://www.crunchyroll.com/series/GY5P48XEY/hajime-no-ippo,,,,,,,,1,https://cdn.myanimelist.net/images/anime/4/86334.jpg
127,Dandadan,A supernatural adventure following a boy who believes in ghosts but not aliens and a girl who believes in aliens but not ghosts as they encounter bizarre phenomena.,Shonen,12,Currently Airing,2024-04-10,Ongoing,2024,8.5,1234567,Action|Supernatural|Comedy|Romance,4,,https://www.crunchyroll.com/series/GY5P48XEY/dandadan,,,,,,,,1,https://cdn.myanimelist.net/images/anime/1584/143719.jpg
128,Frieren: Beyond Journey's End - Season 1,An elf mage reflects on her past adventures with her now-aging companions as she continues her journey to understand humanity.,Fantasy,28,Finished Airing,2023-09-29,2024-03-22,2023,9.0,1897654,Adventure|Drama|Fantasy,3,,https://www.crunchyroll.com/series/GY5P48XEY/frieren-beyond-journeys-end,,,,,,,,1,https://cdn.myanimelist.net/images/anime/1921/154528.jpg
129,Trigun Stampede,"A reboot of the classic series following Vash the Stampede, a gunman with a huge bounty on his head, as he travels through a sci-fi western landscape.",Action,12,Finished Airing,2023-01-07,2023-03-25,2023,8.3,987654,Action|Sci-Fi|Western,3,,https://www.crunchyroll.com/series/GY5P48XEY/trigun-stampede,,,,,,,,1,https://cdn.myanimelist.net/images/anime/1426/129194.jpg
130,One Punch Man - Season 1,Saitama is a hero who can defeat any opponent with a single punch but seeks to find a worthy opponent after growing bored by a lack of challenge.,Action,12,Finished Airing,2015-10-05,2015-12-21,2015,8.7,4567890,Action|Comedy|Parody|Superhero|Superpower,5,https://www.netflix.com/title/80097571,https://www.crunchyroll.com/series/GY5P48XEY/one-punch-man,,https://www.hulu.com/series/one-punch-man-5b5b5b5b-5b5b-5b5b-5b5b-5b5b5b5b5b5b,,,,,,3,https://cdn.myanimelist.net/images/anime/1618/103829.jpg
131,One Punch Man - Season 2,Saitama continues his hero work while new threats emerge and the Hero Association faces internal challenges.,Action,12,Finished Airing,2019-04-09,2019-07-02,2019,7.9,3456789,Action|Comedy|Parody|Superhero|Superpower,5,,https://www.crunchyroll.com/series/GY5P48XEY/one-punch-man,,https://www.hulu.com/series/one-punch-man-5b5b5b5b-5b5b-5b5b-5b5b-5b5b5b5b5b5b,,,,,,2,https://cdn.myanimelist.net/images/anime/1247/122044.jpg
132,Kaiju No. 8,A man gains the ability to transform into a kaiju and joins a defense force that protects Japan from monster attacks.,Action,12,Finished Airing,2024-04-13,2024-06-29,2024,8.2,2345678,Action|Sci-Fi|Supernatural,3,,https://www.crunchyroll.com/series/GY5P48XEY/kaiju-no-8,,,,,,,,1,https://cdn.myanimelist.net/images/anime/1370/140362.jpg
133,Pokemon - Season 1: Indigo League,Ash Ketchum begins his journey to become a Pokémon Master with his first partner Pikachu in the Kanto region.,Adventure,82,Finished Airing,1997-04-01,1998-01-21,1997,7.5,5678901,Adventure|Comedy|Fantasy,3,https://www.netflix.com/title/70204970,,,,,,,,https://www.pokemon.com/us/pokemon-episodes/,2,https://cdn.myanimelist.net/images/anime/1904/140254.jpg
134,Tokyo Ghoul - Season 1,"Ken Kaneki, a college student, becomes a half-ghoul after an encounter with one. He must navigate the dangerous world of ghouls and humans while struggling with his new identity.",Action,12,Finished Airing,2014-07-04,2014-09-19,2014,8.0,4500000,Action|Drama|Horror|Psychological|Supernatural,5,,https://www.crunchyroll.com/series/GY5P48XEY/tokyo-ghoul,,https://www.hulu.com/series/tokyo-ghoul-8e7f5a1d-9f3e-4c8e-9b5a-9e9f9b9f9b9f,https://www.funimation.com/shows/tokyo-ghoul/,,,,,3,https://cdn.myanimelist.net/images/anime/1889/123307.jpg
135,Tokyo Ghoul √A - Season 2,"Kaneki joins the terrorist group Aogiri Tree to gain strength and protect his friends, leading to violent conflicts between ghouls and investigators.",Action,12,Finished Airing,2015-01-09,2015-03-27,2015,7.5,3800000,Action|Drama|Horror|Psychological|Supernatural,5,,https://www.crunchyroll.com/series/GY5P48XEY/tokyo-ghoul,,https://www.hulu.com/series/tokyo-ghoul-8e7f5a1d-9f3e-4c8e-9b5a-9e9f9b9f9b9f,https://www.funimation.com/shows/tokyo-ghoul/,,,,,3,https://cdn.myanimelist.net/images/anime/1889/123307.jpg
136,Tokyo Ghoul:re - Season 3,"Two years after the events of √A, Haise Sasaki leads the CCG's Quinx Squad, unaware of his past as Kaneki. His memories resurface as new threats emerge.",Action,12,Finished Airing,2018-04-03,2018-06-19,2018,7.2,3200000,Action|Drama|Horror|Psychological|Supernatural,5,,https://www.crunchyroll.com/series/GY5P48XEY/tokyo-ghoulre,,,https://www.funimation.com/shows/tokyo-ghoulre/,,,,,2,https://cdn.myanimelist.net/images/anime/1545/121995.jpg
137,The Seven Deadly Sins - Season 1,Princess Elizabeth seeks the help of the disbanded Seven Deadly Sins to reclaim her kingdom from the Holy Knights who staged a coup.,Adventure,24,Finished Airing,2014-10-05,2015-03-29,2014,8.1,5000000,Action|Adventure|Fantasy|Supernatural,4,https://www.netflix.com/title/80050063,https://www.crunchyroll.com/series/GY5P48XEY/the-seven-deadly-sins,,,,,,,,2,https://cdn.myanimelist.net/images/anime/1109/145389.jpg
138,The Seven Deadly Sins: Revival of the Commandments - Season 2,"The Seven Deadly Sins face the Ten Commandments, a group of powerful demons seeking to revive their leader and plunge the world into darkness.",Adventure,24,Finished Airing,2018-01-13,2018-06-30,2018,7.8,4200000,Action|Adventure|Fantasy|Supernatural,4,https://www.netflix.com/title/80050063,https://www.crunchyroll.com/series/GY5P48XEY/the-seven-deadly-sins,,,,,,,,2,https://cdn.myanimelist.net/images/anime/11/90089.jpg
139,Magi: The Labyrinth of Magic - Season 1,"Aladdin, a young magician, embarks on a journey with Alibaba to explore dungeons and uncover the mysteries of the world.",Adventure,25,Finished Airing,2012-10-07,2013-03-31,2012,8.2,3500000,Action|Adventure|Fantasy|Shounen,4,https://www.netflix.com/title/70204970,https://www.crunchyroll.com/series/GY5P48XEY/magi-the-labyrinth-of-magic,,,,,,,,2,https://cdn.myanimelist.net/images/anime/11/42773.jpg
140,Magi: The Kingdom of Magic - Season 2,"Aladdin and his friends travel to the magical kingdom of Magnostadt, where they uncover political intrigue and dark secrets.",Adventure,25,Finished Airing,2013-10-06,2014-03-30,2013,8.3,3200000,Action|Adventure|Fantasy|Shounen,4,https://www.netflix.com/title/70204970,https://www.crunchyroll.com/series/GY5P48XEY/magi-the-labyrinth-of-magic,,,,,,,,2,https://cdn.myanimelist.net/images/anime/13/55039.jpg
141,D.Gray-man - Season 1,"Allen Walker, an exorcist, fights against the Millennium Earl and his Akuma to prevent the destruction of humanity.",Action,103,Finished Airing,2006-10-03,2008-09-30,2006,8.0,2800000,Action|Adventure|Drama|Fantasy|Shounen|Supernatural,6,,https://www.crunchyroll.com/series/GYQ4MWDGY/dgray-man,,,https://www.funimation.com/shows/dgray-man/,,,,,2,https://cdn.myanimelist.net/images/anime/9/76469.jpg
142,D.Gray-man Hallow - Season 2,"Allen and the Exorcists continue their battle against the Noah Family, uncovering dark truths about their own organization.",Action,13,Finished Airing,2016-07-05,2016-09-27,2016,7.8,2000000,Action|Adventure|Drama|Fantasy|Shounen|Supernatural,6,,https://www.crunchyroll.com/series/GYQ4MWDGY/dgray-man,,,https://www.funimation.com/shows/dgray-man-hallow/,,,,,2,https://cdn.myanimelist.net/images/anime/1448/147351.jpg
143,Akame ga Kill! - Season 1,"Tatsumi joins the assassin group Night Raid to fight against the corrupt Empire, but the line between justice and evil blurs.",Action,24,Finished Airing,2014-07-07,2014-12-15,2014,7.7,4000000,Action|Adventure|Drama|Fantasy,4,,https://www.crunchyroll.com/series/G6X3D5VZ6/akame-ga-kill,,https://www.hulu.com/series/akame-ga-kill-8e7f5a1d-9f3e-4c8e-9b5a-9e9f9b9f9b9f,,,,,,2,https://cdn.myanimelist.net/images/anime/1429/95946.jpg
144,Higurashi no Naku Koro ni - Season 1,"Keiichi Maebara moves to Hinamizawa, where he uncovers a series of gruesome murders linked to a local festival curse.",Horror,26,Finished Airing,2006-04-05,2006-09-27,2006,8.1,2500000,Horror|Mystery|Psychological|Supernatural|Thriller,5,,https://www.crunchyroll.com/series/G6NQ3DW06/higurashi-when-they-cry,,,,,,https://www.hidive.com/tv/higurashi-when-they-cry,,2,https://cdn.myanimelist.net/images/anime/4/14113.jpg
145,Higurashi no Naku Koro ni Kai - Season 2,The mysteries of Hinamizawa deepen as Rika Furude tries to break the cycle of tragedy and uncover the truth behind the curse.,Horror,24,Finished Airing,2007-07-06,2007-12-21,2007,8.4,2200000,Horror|Mystery|Psychological|Supernatural|Thriller,5,,https://www.crunchyroll.com/series/G6NQ3DW06/higurashi-when-they-cry,,,,,,https://www.hidive.com/tv/higurashi-when-they-cry-kai,,2,https://cdn.myanimelist.net/images/anime/12/14114.jpg
146,Paranoia Agent,"Detectives investigate a series of attacks by a mysterious assailant known as Lil' Slugger, whose victims are linked by hidden traumas.",Psychological,13,Finished Airing,2004-02-03,2004-05-18,2004,8.2,1800000,Mystery|Psychological|Supernatural|Thriller,4,,,,,https://www.funimation.com/shows/paranoia-agent/,,,,,1,https://cdn.myanimelist.net/images/anime/7/10240.jpg
147,Texhnolyze,"In the dystopian city of Lux, Ichise becomes embroiled in a power struggle after losing an arm and a leg, gaining texhnolyzed prosthetics.",Sci-Fi,22,Finished Airing,2003-04-17,2003-10-02,2003,8.0,900000,Action|Drama|Psychological|Sci-Fi,4,,,,,https://www.funimation.com/shows/texhnolyze/,,,,,1,https://cdn.myanimelist.net/images/anime/1027/131977.jpg
148,Nana,"Two young women named Nana, with contrasting personalities, become roommates in Tokyo and navigate love, friendship, and dreams.",Drama,47,Finished Airing,2006-04-05,2007-03-28,2006,8.5,3000000,Drama|Josei|Music|Romance,4,,https://www.crunchyroll.com/series/G6NQ3DW06/nana,,,,,,https://www.hidive.com/tv/nana,,2,https://cdn.myanimelist.net/images/anime/2/11232.jpg
149,Oshi no Ko - Season 1,"A doctor is reincarnated as the son of a famous idol, uncovering the dark side of the entertainment industry.",Drama,11,Finished Airing,2023-04-12,2023-06-28,2023,8.8,5000000,Drama|Supernatural,2,,https://www.crunchyroll.com/series/G4PH0WKEJ/oshi-no-ko,,,,,,https://www.hidive.com/tv/oshi-no-ko,,2,https://cdn.myanimelist.net/images/anime/1702/156273.jpg
150,Ranking of Kings - Season 1,"Bojji, a deaf and powerless prince, strives to become a great king despite being ridiculed by his kingdom.",Adventure,23,Finished Airing,2021-10-15,2022-03-25,2021,8.7,4500000,Adventure|Fantasy,2,,https://www.crunchyroll.com/series/G4PH0WKEJ/ranking-of-kings,,,https://www.funimation.com/shows/ranking-of-kings/,,,,,2,https://cdn.myanimelist.net/images/anime/1347/117616.jpg
151,Clannad: After Story - Season 2,"Tomoya and Nagisa face the challenges of adulthood, parenthood, and loss in this emotional continuation of Clannad.",Drama,24,Finished Airing,2008-10-03,2009-03-27,2008,9.0,3500000,Drama|Romance|Slice of Life|Supernatural,4,,https://www.crunchyroll.com/series/G6NQ3DW06/clannad-after-story,,,,,,https://www.hidive.com/tv/clannad-after-story,,2,https://cdn.myanimelist.net/images/anime/1299/110774.jpg
152,Fruits Basket (2019) - Season 1,Tohru Honda discovers the Sohma family's curse: they transform into animals of the zodiac when hugged by the opposite sex.,Drama,25,Finished Airing,2019-04-06,2019-09-21,2019,8.5,4000000,Comedy|Drama|Romance|Shoujo|Supernatural,5,,https://www.crunchyroll.com/series/G6NQ3DW06/fruits-basket-1st-season,,,https://www.funimation.com/shows/fruits-basket/,,,,,2,https://cdn.myanimelist.net/images/anime/1972/111635.jpg
153,Fruits Basket: The Final - Season 3,The Sohma family's curse reaches its climax as Tohru helps them confront their past and break free from their bonds.,Drama,13,Finished Airing,2021-04-06,2021-06-29,2021,9.1,3800000,Drama|Romance|Shoujo|Supernatural,4,,https://www.crunchyroll.com/series/G6NQ3DW06/fruits-basket-the-final-season,,,https://www.funimation.com/shows/fruits-basket-the-final-season/,,,,,2,https://cdn.myanimelist.net/images/anime/1085/114792.jpg
154,Anohana: The Flower We Saw That Day,"A group of childhood friends reunites to fulfill the wish of their deceased friend, Menma, whose ghost appears to one of them.",Drama,11,Finished Airing,2011-04-15,2011-06-24,2011,8.4,3000000,Drama|Supernatural,2,https://www.netflix.com/title/70262856,https://www.crunchyroll.com/series/G6NQ3DW06/anohana-the-flower-we-saw-that-day,,,,,,,,2,https://cdn.myanimelist.net/images/anime/5/79697.jpg
155,Violet Evergarden,"Violet, a former soldier, becomes an Auto Memory Doll, writing letters to help others express their feelings while searching for the meaning of love.",Seinen,13,Finished Airing,2018-01-11,2018-04-05,2018,8.9,4200000,Drama|Fantasy|Slice of Life,3,https://www.netflix.com/in/title/80182123,,,,,,,,,1,https://cdn.myanimelist.net/images/anime/1795/95088.jpg
156,Cyberpunk: Edgerunners,"In Night City, a street kid named David Martinez becomes an Edgerunner—a mercenary outlaw—after installing a military-grade cybernetic implant.",Seinen,10,Finished Airing,2022-09-13,,2022,8.5,3500000,Action|Sci-Fi|Cyberpunk,3,https://www.netflix.com/title/81054853,,,,,,,,,1,https://cdn.myanimelist.net/images/anime/1818/126435.jpg
157,Devil May Cry,"Dante, a demon-hunting mercenary, runs the Devil May Cry agency and battles supernatural threats while embracing his demonic heritage.",Seinen,12,Finished Airing,2007-06-14,2007-08-23,2007,7.2,1200000,Action|Fantasy|Supernatural,3,,https://www.crunchyroll.com/devil-may-cry,,,,,,,,1,https://cdn.myanimelist.net/images/anime/4/26417.jpg
158,Arcane,"Set in Piltover and Zaun, sisters Vi and Jinx find themselves on opposing sides of a conflict fueled by magic and technology.",Seinen,9,Finished Airing,2021-11-06,2021-11-20,2021,9.1,5000000,Action|Drama|Fantasy,3,https://www.netflix.com/title/81435684,,,,,,,,,1,https://cdn.myanimelist.net/images/anime/9/39495.jpg
159,Boruto: Naruto Next Generations,"Boruto Uzumaki, son of Naruto, seeks to carve his own path as a ninja while facing new threats to the Hidden Leaf Village.",Shounen,293,Ongoing,2017-04-05,,2017,6.5,4500000,Action|Adventure|Comedy,3,,https://www.crunchyroll.com/boruto-naruto-next-generations,,,,,,,,1,https://cdn.myanimelist.net/images/anime/1091/99847.jpg
160,Black Butler,"Ciel Phantomhive, a young nobleman, forms a contract with the demon Sebastian to seek revenge for his family's murder.",Shounen,24,Finished Airing,2008-10-03,2009-03-27,2008,8.0,2800000,Action|Comedy|Supernatural,3,https://www.netflix.com/title/80097353,https://www.crunchyroll.com/black-butler,,,,,,,,2,https://cdn.myanimelist.net/images/anime/1467/137783.jpg
161,Kill Bill: The Origin of O-Ren,An anime sequence in Kill Bill Vol. 1 depicting O-Ren Ishii's tragic past and rise as a yakuza leader.,Seinen,1,Finished Airing,2003-10-10,,2003,8.3,1800000,Action|Crime|Drama,3,,,https://www.amazon.com/Kill-Bill-Vol-1/dp/B000I9W4TQ,,,,,,,1,https://cdn.myanimelist.net/images/anime/1854/112817.jpg
162,Perfect Blue,A pop singer transitions into acting but descends into paranoia as she is stalked by an obsessed fan and loses grip on reality.,Seinen,1,Finished Airing,1997-07-10,,1997,8.7,1500000,Drama|Horror|Psychological,3,,,https://www.amazon.com/Perfect-Blub-Satoko-Kon/dp/B000I2J6F8,,,,,,,1,https://cdn.myanimelist.net/images/anime/1254/134212.jpg
163,Samurai Champloo,"Fuu, a young waitress, enlists two wandering swordsmen, the disciplined ronin Jin and the wild, breakdancing Mugen, to find a samurai who smells of sunflowers.",Seinen,26,Finished Airing,20-05-2004,19-03-2005,2004,8.5,1100000,Action|Adventure|Comedy|Historical|Samurai,5,,https://www.crunchyroll.com/series/GY5P4MQJY/samurai-champloo,,https://www.hulu.com/series/samurai-champloo-76cd2e5a-9fd8-4ffc-917e-8a9b1b3d5ad8,https://www.funimation.com/shows/samurai-champloo/,,,,,3,https://cdn.myanimelist.net/images/anime/1370/135212.jpg
164,Trigun,"Vash the Stampede, a legendary gunman with a $$60 billion bounty, wanders a desert planet, spreading pacifism despite destruction following him.",Seinen,26,Finished Airing,02-04-1998,01-10-1998,1998,8.2,950000,Action|Adventure|Comedy|Sci-Fi|Western,5,,https://www.crunchyroll.com/series/G6JQ8JX5Y/trigun,,,https://www.funimation.com/shows/trigun/,,,,,2,https://cdn.myanimelist.net/images/anime/1130/120002.jpg
165,Akira,"In a dystopian 2019 Neo-Tokyo, biker gang leader Kaneda tries to save his friend Tetsuo, who develops destructive psychic abilities after a government experiment.",Movie,1,Finished Airing,16-07-1988,16-07-1988,1988,8.1,1300000,Action|Horror|Psychological|Sci-Fi|Supernatural,5,https://www.netflix.com/title/60003061,https://www.crunchyroll.com/movies/akira,,https://www.hulu.com/movie/akira-92f10992-2079-4b2a-9b36-4b41f6c4e3f2,https://www.funimation.com/movies/akira/,,,,,4,https://cdn.myanimelist.net/images/anime/1408/114012.jpg
166,Spirited Away,"Chihiro finds herself in a mysterious spirit world and must work in a bathhouse to free herself and her parents, who have been turned into pigs.",Movie,1,Finished Airing,20-07-2001,20-07-2001,2001,8.8,2000000,Adventure|Fantasy|Supernatural,3,https://www.netflix.com/title/60023642,,,,,,https://play.hbomax.com/feature/urn:hbo:feature:GYDqWkgK9NMNljgEAAAAC,,,2,https://cdn.myanimelist.net/images/anime/6/79597.jpg
167,Princess Mononoke,"Ashitaka, cursed by a boar demon, travels west and becomes embroiled in a conflict between the forest gods and the humans of Iron Town led by Lady Eboshi.",Movie,1,Finished Airing,12-07-1997,12-07-1997,1997,8.7,1800000,Action|Adventure|Drama|Fantasy|Historical,5,https://www.netflix.com/title/60023643,,,,,,https://play.hbomax.com/feature/urn:hbo:feature:GX7sQwQcN5MNljgEAAAAD,,,2,https://cdn.myanimelist.net/images/anime/1355/147277.jpg
168,Ghost in the Shell,"In 2029, Major Motoko Kusanagi, a cyborg counter‑cyberterrorist, hunts the Puppet Master, a hacker who challenges her understanding of identity and consciousness.",Movie,1,Finished Airing,18-11-1995,18-11-1995,1995,8.3,1000000,Action|Mecha|Psychological|Sci-Fi,4,,,https://www.amazon.com/Ghost-Shell-Mamoru-Oshii/dp/B004W0JJCQ,,https://www.funimation.com/movies/ghost-in-the-shell/,,,,,2,https://cdn.myanimelist.net/images/anime/10/82594.jpg
169,Ghost in the Shell: Stand Alone Complex,"Major Kusanagi and her Public Security Section 9 team investigate cyber‑crime and political conspiracies in a near‑future Japan, facing the enigmatic Laughing Man.",Seinen,26,Finished Airing,01-10-2002,01-10-2003,2002,8.5,750000,Action|Mecha|Mystery|Sci-Fi,4,https://www.netflix.com/title/70205011,,,https://www.hulu.com/series/ghost-in-the-shell-stand-alone-complex-0a0d5b96-51bf-4a77-aac1-79dcc22e8d27,https://www.funimation.com/shows/ghost-in-the-shell-stand-alone-complex/,,,,,3,https://cdn.myanimelist.net/images/anime/11/50857.jpg
170,Tengen Toppa Gurren Lagann,"Simon, a timid digger, and his hot‑blooded friend Kamina break free from their underground village and lead humanity's rebellion against the tyrannial Spiral King using the mecha Lagann.",Seinen,27,Finished Airing,01-04-2007,30-09-2007,2007,8.6,1400000,Action|Adventure|Comedy|Mecha|Sci-Fi,5,https://www.netflix.com/title/70204973,https://www.crunchyroll.com/series/GYGG2GV96/gurren-lagann,,https://www.hulu.com/series/gurren-lagann-3a6f4d60-5bad-406b-a55c-8b44e5e0d8f2,https://www.funimation.com/shows/gurren-lagann/,,,,,4,https://cdn.myanimelist.net/images/anime/4/5123.jpg
171,Kill la Kill,"Ryuuko Matoi transfers to Honnouji Academy, a school ruled by student council president Satsuki Kiryuuin and powered by special uniforms called Goku Uniforms, seeking her father's killer.",Original,24,Finished Airing,04-10-2013,28-03-2014,2013,8.0,1100000,Action|Comedy|Ecchi|Super Power,4,,https://www.crunchyroll.com/series/GR751KNZY/kill-la-kill,,https://www.hulu.com/series/kill-la-kill-0a3a2e36-7b5b-4e18-8ba0-8b5c464c6a1f,https://www.funimation.com/shows/kill-la-kill/,,,,,3,https://cdn.myanimelist.net/images/anime/1464/111943.jpg
172,FLCL,"Naota's ordinary life is turned upside down when Haruko Haruhara, a manic, guitar‑wielding alien, runs him over and his forehead becomes a portal for giant robots.",Original,6,Finished Airing,26-04-2000,16-03-2001,2000,8.1,700000,Action|Comedy|Mecha|Sci-Fi,4,,https://www.crunchyroll.com/series/G49V41J56/flcl,,,https://www.funimation.com/shows/flcl/,,,,,2,https://cdn.myanimelist.net/images/anime/7/77356.jpg
173,Baccano!,"A collection of seemingly unrelated stories—alchemists, gangsters, and immortals—collide aboard the transcontinental train the Flying Pussyfoot in 1930s America.",Seinen,13,Finished Airing,27-07-2007,02-11-2007,2007,8.4,650000,Action|Comedy|Historical|Mystery|Supernatural,5,,https://www.crunchyroll.com/series/GDKHZEP4Y/baccano,,,https://www.funimation.com/shows/baccano/,,,,,2,https://cdn.myanimelist.net/images/anime/3/14547.jpg
174,Durarara!!,"In Ikebukuro, a district of Tokyo, the stories of a headless rider on a black motorcycle, a volatile information broker, and a boy seeking the supernatural intertwine.",Seinen,24,Finished Airing,08-01-2010,25-06-2010,2010,8.1,900000,Action|Comedy|Mystery|Supernatural,4,,https://www.crunchyroll.com/series/GYGG1JE9Y/durarara,,https://www.hulu.com/series/durarara-3f8c2c59-0151-41e1-ba71-88e8e3c4b3f5,https://www.funimation.com/shows/durarara/,,,,,3,https://cdn.myanimelist.net/images/anime/10/71772.jpg
175,Angel Beats!,"Otonashi wakes up in an afterlife high school and joins the SSS, a rebel group fighting against the student council president, an angel named Kanade Tachibana.",Original,13,Finished Airing,03-04-2010,26-06-2010,2010,8.0,1200000,Action|Comedy|Drama|Supernatural,4,https://www.netflix.com/title/70204983,https://www.crunchyroll.com/series/GYGG1JE9Y/angel-beats,,,https://www.funimation.com/shows/angel-beats/,,,,,3,https://cdn.myanimelist.net/images/anime/1244/111115.jpg
176,Toradora!,"Ryuji Takasu, a gentle boy with a delinquent's face, and Taiga Aisaka, a tiny yet fierce girl, team up to help each other confess to their respective crushes.",Light Novel,25,Finished Airing,02-10-2008,26-03-2009,2008,8.3,1000000,Comedy|Drama|Romance|Slice of Life,4,https://www.netflix.com/title/80049276,https://www.crunchyroll.com/series/G63K8G9VY/toradora,,,,,,,,2,https://cdn.myanimelist.net/images/anime/13/22128.jpg
177,Clannad,"Tomoya Okazaki, a delinquent with a distant father, meets the strange and fragile Nagisa Furukawa, and together they revive the school drama club, gradually discovering the meaning of family.",Visual Novel,23,Finished Airing,05-10-2007,21-03-2008,2007,8.2,850000,Comedy|Drama|Romance|Slice of Life|Supernatural,5,,https://www.crunchyroll.com/series/GR751KNZY/clannad,,,,,,https://www.hidive.com/tv/clannad,,2,https://cdn.myanimelist.net/images/anime/1804/95033.jpg
178,Hyouka,"At the request of his older sister, listless student Houtarou Oreki joins the Kamiyama High School Classic Literature Club, where he and his curious clubmates solve everyday mysteries.",Light Novel,22,Finished Airing,23-04-2012,17-09-2012,2012,8.2,750000,Mystery|Slice of Life,2,,https://www.crunchyroll.com/series/G6P8QK3JY/hyouka,,,https://www.funimation.com/shows/hyouka/,,,,,2,https://cdn.myanimelist.net/images/anime/13/50521.jpg
179,Nichijou,"The surreal, hilarious everyday lives of high school girls Yuuko, Mio, and Mai, a child genius professor and her robot caretaker Nano, and a talking black cat named Sakamoto.",Seinen,26,Finished Airing,03-04-2011,25-09-2011,2011,8.4,800000,Comedy|Slice of Life,2,,https://www.crunchyroll.com/series/GY5VKXJ4Y/nichijou,,,https://www.funimation.com/shows/nichijou/,,,,,2,https://cdn.myanimelist.net/images/anime/3/75617.jpg
180,Lucky Star,"Konata Izumi, an otaku girl, and her friends navigate high school life with a heavy dose of anime, gaming, and random chatter.",Shonen,24,Finished Airing,08-04-2007,16-09-2007,2007,7.7,700000,Comedy|Slice of Life,2,,https://www.crunchyroll.com/series/GR751KNZY/lucky-star,,,https://www.funimation.com/shows/lucky-star/,,,,,2,https://cdn.myanimelist.net/images/anime/1561/115660.jpg
181,The Melancholy of Haruhi Suzumiya,"Haruhi Suzumiya, an eccentric girl obsessed with the supernatural, unknowingly gathers a club of actual aliens, time travellers, and espers to entertain her.",Light Novel,14,Finished Airing,03-04-2006,03-07-2006,2006,7.8,1000000,Comedy|Mystery|Sci-Fi|Supernatural,4,,https://www.crunchyroll.com/series/GYGG1JE9Y/the-melancholy-of-haruhi-suzumiya,,,https://www.funimation.com/shows/the-melancholy-of-haruhi-suzumiya/,,,,,2,https://cdn.myanimelist.net/images/anime/1470/137929.jpg
182,K-On!,"Four high school girls—Yui, Mio, Ritsu, and Mugi—revive the light music club, forming a band despite Yui's complete lack of musical experience.",Seinen,13,Finished Airing,03-04-2009,26-06-2009,2009,7.9,900000,Comedy|Music|Slice of Life,3,,https://www.crunchyroll.com/series/GXJHM3KJY/k-on,,,,,,https://www.hidive.com/tv/k-on,,2,https://cdn.myanimelist.net/images/anime/10/76120.jpg
183,A Silent Voice,"Years after bullying a deaf classmate, Shoya Ishida seeks redemption and reconnects with her, hoping to make amends and find forgiveness.",Movie,1,Finished Airing,17-09-2016,17-09-2016,2016,8.9,1600000,Drama|Romance|Slice of Life,3,https://www.netflix.com/title/80171362,,https://www.amazon.com/Silent-Voice-Saori-Hayami/dp/B01M5HY9ZG,,,,,,,2,https://cdn.myanimelist.net/images/anime/1122/96435.jpg
184,Your Name.,"Two teenagers, Mitsuha and Taki, mysteriously swap bodies and must navigate each other's lives while searching for a connection that transcends time.",Movie,1,Finished Airing,26-08-2016,26-08-2016,2016,8.9,2200000,Drama|Romance|Supernatural,3,https://www.netflix.com/title/80161371,https://www.crunchyroll.com/movies/your-name,,,,,,,,2,https://cdn.myanimelist.net/images/anime/5/87048.jpg
185,Weathering with You,"Hodaka Morishima runs away to Tokyo and meets Hina Amano, a girl who can temporarily clear the sky, but using her power comes with a heavy price.",Movie,1,Finished Airing,19-07-2019,19-07-2019,2019,8.3,1200000,Drama|Romance|Supernatural,3,,https://www.crunchyroll.com/movies/weathering-with-you,,,,,https://play.hbomax.com/feature/urn:hbo:feature:GX9s2wAjq9MNljgEAAAEV,,,2,https://cdn.myanimelist.net/images/anime/1880/101146.jpg
186,5 Centimeters per Second,"A story told in three interconnected segments, following Takaki Tohno through his life as cruel winters, cold technology, and distance separate him from his loved ones.",Movie,1,Finished Airing,03-03-2007,03-03-2007,2007,7.8,800000,Drama|Romance,2,https://www.netflix.com/title/70204974,https://www.crunchyroll.com/movies/5-centimeters-per-second,,,,,,,,2,https://cdn.myanimelist.net/images/anime/1410/112994.jpg
187,Grave of the Fireflies,"In the final months of World War II, a teenager and his little sister struggle to survive in Japan after losing their mother and being separated from their father.",Movie,1,Finished Airing,16-04-1988,16-04-1988,1988,8.5,900000,Drama|Historical,2,https://www.netflix.com/title/60023645,,,,,,https://play.hbomax.com/feature/urn:hbo:feature:GX0U9fwp9MNljgEAAAAC,,,2,https://cdn.myanimelist.net/images/anime/1485/141208.jpg
188,Howl's Moving Castle,"Sophie, a young hat maker, is cursed into an old woman by a witch and seeks refuge in the bizarre moving castle of the wizard Howl, becoming embroiled in his magical war.",Movie,1,Finished Airing,20-11-2004,20-11-2004,2004,8.6,1700000,Adventure|Drama|Fantasy|Romance,4,https://www.netflix.com/title/60023644,,,,,,https://play.hbomax.com/feature/urn:hbo:feature:GX0RxhwJ9MNljgEAAAAB,,,2,https://cdn.myanimelist.net/images/anime/1470/138723.jpg
189,My Neighbor Totoro,"Two young sisters move to the countryside to be near their ailing mother and discover friendly forest spirits, including the giant cuddly Totoro.",Movie,1,Finished Airing,16-04-1988,16-04-1988,1988,8.3,1500000,Adventure|Fantasy|Slice of Life,3,https://www.netflix.com/title/60023647,,,,,,https://play.hbomax.com/feature/urn:hbo:feature:GX0RoIAJ9MNljgEAAAAB,,,2,https://cdn.myanimelist.net/images/anime/1110/147278.jpg
190,Sword Art Online Alternative: Gun Gale Online,"Karen Kohiruimaki, a tall, insecure university student, dives into the VR shooter Gun Gale Online as a tiny, fast avatar named LLENN and becomes a legendary player.",Light Novel,12,Finished Airing,08-04-2018,01-07-2018,2018,7.3,600000,Action|Fantasy|Game|Sci-Fi,4,,https://www.crunchyroll.com/series/GR751KNZY/sword-art-online-alternative-gun-gale-online,,,https://www.funimation.com/shows/sword-art-online-alternative-gun-gale-online/,,,,,2,https://cdn.myanimelist.net/images/anime/1141/93288.jpg
191,Fate/Zero,"Seven mages summon legendary heroes from history to fight in a battle royale for the Holy Grail, a wish‑granting device, during the Fourth Holy Grail War.",Light Novel,13,Finished Airing,01-10-2011,24-12-2011,2011,8.4,1100000,Action|Fantasy|Supernatural|Thriller,4,https://www.netflix.com/title/80049978,https://www.crunchyroll.com/series/GR751KNZY/fatezero,,,,,,,,2,https://cdn.myanimelist.net/images/anime/1887/117644.jpg
192,Fate/stay night: Unlimited Blade Works,"Shirou Emiya, a novice mage, becomes a Master in the Fifth Holy Grail War and fights alongside his summoned Servant, Saber, to stop a world‑threatening disaster.",Visual Novel,26,Finished Airing,05-10-2014,27-12-2015,2014,8.2,900000,Action|Fantasy|Supernatural,3,https://www.netflix.com/title/80049375,https://www.crunchyroll.com/series/GR751KNZY/fatestay-night-unlimited-blade-works,,,,,,,,2,https://cdn.myanimelist.net/images/anime/12/67333.jpg
193,Kaguya-sama: Love is War,"Miyuki Shirogane and Kaguya Shinomiya, the brilliant student council president and vice president, engage in elaborate mind games to trick the other into confessing their love first.",Seinen,12,Finished Airing,12-01-2019,30-03-2019,2019,8.4,1300000,Comedy|Romance|School|Psychological,4,,https://www.crunchyroll.com/series/G6P5WJX4Y/kaguya-sama-love-is-war,,,https://www.funimation.com/shows/kaguya-sama-love-is-war/,,,,,2,https://cdn.myanimelist.net/images/anime/1295/106551.jpg
194,Re:Creators,Fictional characters from various media are brought into the real world and must confront their creators to stop a world‑ending plot orchestrated by a mysterious military uniform princess.,Original,22,Finished Airing,08-04-2017,16-09-2017,2017,7.5,500000,Action|Fantasy|Mecha|Sci-Fi,4,,,https://www.amazon.com/Re-Creators-Season-1/dp/B07YCLT3HJ,,,,,,,1,https://cdn.myanimelist.net/images/anime/11/85469.jpg
195,Akudama Drive,"In a dystopian Kansai, a group of high‑level criminals known as Akudama are recruited by a mysterious black cat to break a prisoner out of the Akudama Correctional Facility.",Original,12,Finished Airing,08-10-2020,24-12-2020,2020,7.8,450000,Action|Sci-Fi|Thriller,3,,https://www.crunchyroll.com/series/GY5VKXJ4Y/akudama-drive,,,https://www.funimation.com/shows/akudama-drive/,,,,,2,https://cdn.myanimelist.net/images/anime/1468/109172.jpg
196,Vivy: Fluorite Eye's Song,"The first autonomous AI, Vivy, is tasked with preventing a future war between AIs and humans by altering key historical events, all while discovering her own mission of making people happy through song.",Original,13,Finished Airing,03-04-2021,19-06-2021,2021,8.4,550000,Action|Drama|Sci-Fi|Music,4,,https://www.crunchyroll.com/series/G49VJE9JY/vivy-fluorite-eyes-song,,,https://www.funimation.com/shows/vivy-fluorite-eyes-song/,,,,,2,https://cdn.myanimelist.net/images/anime/1551/128960.jpg
197,Great Pretender,"Makoto Edamura, a small‑time con artist, gets pulled into the world of international high‑stakes fraud by the charming Laurent Thierry, traveling the globe for audacious heists.",Original,23,Finished Airing,02-07-2020,16-12-2020,2020,8.3,500000,Action|Adventure|Comedy|Mystery,4,https://www.netflix.com/title/81220408,,,,,,,,,1,https://cdn.myanimelist.net/images/anime/1418/107954.jpg
198,Megalobox,"In a near‑future city, Junk Dog, an underground fighter, enters the world of Megaloboxing—a sport where fighters wear mechanical exoskeletons—to challenge the champion Yuri.",Original,13,Finished Airing,06-04-2018,29-06-2018,2018,7.9,480000,Action|Drama|Sci-Fi|Sports,4,,https://www.crunchyroll.com/series/GYGG1JE9Y/megalobox,,,https://www.funimation.com/shows/megalobox/,,,,,2,https://cdn.myanimelist.net/images/anime/1958/93533.jpg
199,Carole & Tuesday,"On a colonized Mars, a runaway heiress and an orphaned refugee become a musical duo, navigating the AI‑dominated music industry with their raw, human‑crafted songs.",Original,24,Finished Airing,10-04-2019,02-10-2019,2019,8.1,450000,Drama|Music|Sci-Fi,3,https://www.netflix.com/title/80220308,,,,,,,,,1,https://cdn.myanimelist.net/images/anime/1611/96157.jpg
200,Death Parade,"After death, souls are sent to the mysterious Quindecim bar where Decim, an arbiter, forces them to play deadly games to judge their fates.",Original,12,Finished Airing,10-01-2015,28-03-2015,2015,8.2,800000,Drama|Mystery|Psychological|Supernatural|Thriller,5,,https://www.crunchyroll.com/series/GYGG1JE9Y/death-parade,,,https://www.funimation.com/shows/death-parade/,,,,,2,https://cdn.myanimelist.net/images/anime/5/71553.jpg
201,Jujutsu Kaisen Season 3,"Following the devastating Shibuya Incident, Yuji Itadori and his allies must participate in the Culling Game—a deadly battle royale created by the ancient sorcerer Kenjaku to force sorcerers to fight each other inside designated colonies across Japan.",Shonen,12,Currently Airing,08-01-2026,26-03-2026,2026,8.7,1897654,Action|Demons|Horror|Supernatural|School,5,,https://www.crunchyroll.com/series/GRDV0019R/jujutsu-kaisen,,,,,,,,1,https://cdn.myanimelist.net/images/anime/1659/154920.jpg
202,Pokemon - Season 2: Adventures in the Orange Islands,"Ash Ketchum travels through the Orange Archipelago to collect Gym Badges and compete in the Orange League, encountering new Pokémon and challenges.",Adventure,36,Finished Airing,28-01-1998,22-01-1999,1998,7.5,3200000,Adventure|Comedy|Fantasy,3,https://www.netflix.com/title/70204970,,,,,,,,https://www.pokemon.com/us/pokemon-episodes/,2,https://cdn.myanimelist.net/images/anime/5/49285.jpg
203,Demon Slayer: Kimetsu no Yaiba - Hashira Training Arc,"After a series of mighty clashes with Upper Rank Demons, the Ubuyashiki clan prepares for one last battle with the hellish forces of Muzan Kibutsuji. In order to finally defeat the Demon leader once and for all, the clan devises a training camp for the Demon Slayer Corps, one led by the remaining Hashira—the most elite warriors in the organization.",Shonen,8,Finished Airing,12-05-2024,30-06-2024,2024,8.0,771978,Action|Adventure|Demons|Historical|Supernatural,5,https://www.netflix.com/title/81091393,https://www.crunchyroll.com/series/GY5P48XEY/demon-slayer-kimetsu-no-yaiba,,https://www.hulu.com/series/demon-slayer-kimetsu-no-yaiba-5b5b5b5b-5b5b-5b5b-5b5b-5b5b5b5b5b5b,,,,,,3,https://cdn.myanimelist.net/images/anime/1565/142711.jpg
204,Demon Slayer: Kimetsu no Yaiba – The Movie: Infinity Castle,"The first film in an epic trilogy adapting the final arc of the manga. The Demon Slayer Corps finds themselves trapped within Muzan Kibutsuji's labyrinthine Infinity Castle, where they must face the remaining Upper Rank demons in a series of desperate battles that will determine the fate of humanity.",Movie,1,Finished Airing,18-07-2025,18-07-2025,2025,8.7,1456789,Action|Adventure|Demons|Historical|Supernatural,5,,https://www.crunchyroll.com/movies/demon-slayer-kimetsu-no-yaiba-infinity-castle,,,,,,,,1,https://cdn.myanimelist.net/images/anime/1286/99889.jpg
205,One Punch Man Season 3,"The Hero Association mobilizes to battle the rising forces of the Monster Association. As the clash between heroes and monsters escalates into an all-out war, Saitama continues his search for a worthy opponent who can withstand his devastating single punch.",Action,12,Finished Airing,12-10-2025,29-12-2025,2025,4.6,987654,Action|Comedy|Parody|Superhero|Superpower,5,https://www.netflix.com/title/80097571,https://www.crunchyroll.com/series/GY5P48XEY/one-punch-man,,https://www.hulu.com/series/one-punch-man-5b5b5b5b-5b5b-5b5b-5b5b-5b5b5b5b5b5b,,,,,,3,https://cdn.myanimelist.net/images/anime/1168/148347.jpg
206,My Hero Academia Season 7,"Following an all-out battle with the Paranormal Liberation Front, the people of Japan struggle to continue placing faith in their heroes. To combat the combined power of Tomura Shigaraki and All For One, All Might calls for his ally from the West—the strongest woman on the planet, Star and Stripe.",Shonen,21,Finished Airing,04-05-2024,12-10-2024,2024,8.1,349727,Action|Comedy|School|Super Power,4,,https://www.crunchyroll.com/series/G6NQ5DWZ6/my-hero-academia,,https://www.hulu.com/series/my-hero-academia-9a9a9a9a-9a9a-9a9a-9a9a-9a9a9a9a9a9a,https://www.funimation.com/shows/my-hero-academia/,,,,,3,https://cdn.myanimelist.net/images/anime/1573/157212.jpg
