STRUCTURE,STRUCTURE_ID,STRUCTURE_NAME,ACTION,FREQ,Frequency,CLIMATE_CHANGE_INDICATORS,Climate Change Indicators,GEO_PICT,Pacific Island Countries and territories,TIME_PERIOD,Time,OBS_VALUE,Observation value,OBS_STATUS,Observation Status,UNIT_MEASURE,Unit of measure,ERROR_TYPE,Error type,ERROR_VAL,Error value,REPORTING_TYPE,Reporting Type,OBS_COMMENT,Comment
DATAFLOW,SPC:DF_CLIMATE_CHANGE(1.0),Climate Change indicators,I,A,Annual,TRSM_ARR,Tourism Arrivals,NC,New Caledonia,1995,,122000,,,,N,units,,,,,,,,
DATAFLOW,SPC:DF_CLIMATE_CHANGE(1.0),Climate Change indicators,I,A,Annual,TRSM_ARR,Tourism Arrivals,NC,New Caledonia,1996,,138000,,,,N,units,,,,,,,,
DATAFLOW,SPC:DF_CLIMATE_CHANGE(1.0),Climate Change indicators,I,A,Annual,TRSM_ARR,Tourism Arrivals,NC,New Caledonia,1997,,139000,,,,N,units,,,,,,,,
DATAFLOW,SPC:DF_CLIMATE_CHANGE(1.0),Climate Change indicators,I,A,Annual,TRSM_ARR,Tourism Arrivals,NC,New Caledonia,1998,,127000,,,,N,units,,,,,,,,
DATAFLOW,SPC:DF_CLIMATE_CHANGE(1.0),Climate Change indicators,I,A,Annual,TRSM_ARR,Tourism Arrivals,NC,New Caledonia,1999,,151000,,,,N,units,,,,,,,,
DATAFLOW,SPC:DF_CLIMATE_CHANGE(1.0),Climate Change indicators,I,A,Annual,TRSM_ARR,Tourism Arrivals,NC,New Caledonia,2000,,161000,,,,N,units,,,,,,,,
DATAFLOW,SPC:DF_CLIMATE_CHANGE(1.0),Climate Change indicators,I,A,Annual,TRSM_ARR,Tourism Arrivals,NC,New Caledonia,2001,,152000,,,,N,units,,,,,,,,
DATAFLOW,SPC:DF_CLIMATE_CHANGE(1.0),Climate Change indicators,I,A,Annual,TRSM_ARR,Tourism Arrivals,NC,New Caledonia,2002,,158000,,,,N,units,,,,,,,,
DATAFLOW,SPC:DF_CLIMATE_CHANGE(1.0),Climate Change indicators,I,A,Annual,TRSM_ARR,Tourism Arrivals,NC,New Caledonia,2003,,166000,,,,N,units,,,,,,,,
DATAFLOW,SPC:DF_CLIMATE_CHANGE(1.0),Climate Change indicators,I,A,Annual,TRSM_ARR,Tourism Arrivals,NC,New Caledonia,2004,,177000,,,,N,units,,,,,,,,
DATAFLOW,SPC:DF_CLIMATE_CHANGE(1.0),Climate Change indicators,I,A,Annual,TRSM_ARR,Tourism Arrivals,NC,New Caledonia,2005,,182000,,,,N,units,,,,,,,,
DATAFLOW,SPC:DF_CLIMATE_CHANGE(1.0),Climate Change indicators,I,A,Annual,TRSM_ARR,Tourism Arrivals,NC,New Caledonia,2006,,219000,,,,N,units,,,,,,,,
DATAFLOW,SPC:DF_CLIMATE_CHANGE(1.0),Climate Change indicators,I,A,Annual,TRSM_ARR,Tourism Arrivals,NC,New Caledonia,2007,,227000,,,,N,units,,,,,,,,
DATAFLOW,SPC:DF_CLIMATE_CHANGE(1.0),Climate Change indicators,I,A,Annual,TRSM_ARR,Tourism Arrivals,NC,New Caledonia,2008,,256000,,,,N,units,,,,,,,,
DATAFLOW,SPC:DF_CLIMATE_CHANGE(1.0),Climate Change indicators,I,A,Annual,TRSM_ARR,Tourism Arrivals,NC,New Caledonia,2009,,230000,,,,N,units,,,,,,,,
DATAFLOW,SPC:DF_CLIMATE_CHANGE(1.0),Climate Change indicators,I,A,Annual,TRSM_ARR,Tourism Arrivals,NC,New Caledonia,2010,,282000,,,,N,units,,,,,,,,
DATAFLOW,SPC:DF_CLIMATE_CHANGE(1.0),Climate Change indicators,I,A,Annual,TRSM_ARR,Tourism Arrivals,NC,New Caledonia,2011,,348000,,,,N,units,,,,,,,,
DATAFLOW,SPC:DF_CLIMATE_CHANGE(1.0),Climate Change indicators,I,A,Annual,TRSM_ARR,Tourism Arrivals,NC,New Caledonia,2012,,390000,,,,N,units,,,,,,,,
DATAFLOW,SPC:DF_CLIMATE_CHANGE(1.0),Climate Change indicators,I,A,Annual,TRSM_ARR,Tourism Arrivals,NC,New Caledonia,2013,,494000,,,,N,units,,,,,,,,
DATAFLOW,SPC:DF_CLIMATE_CHANGE(1.0),Climate Change indicators,I,A,Annual,TRSM_ARR,Tourism Arrivals,NC,New Caledonia,2014,,529000,,,,N,units,,,,,,,,
DATAFLOW,SPC:DF_CLIMATE_CHANGE(1.0),Climate Change indicators,I,A,Annual,TRSM_ARR,Tourism Arrivals,NC,New Caledonia,2015,,558000,,,,N,units,,,,,,,,
DATAFLOW,SPC:DF_CLIMATE_CHANGE(1.0),Climate Change indicators,I,A,Annual,TRSM_ARR,Tourism Arrivals,NC,New Caledonia,2016,,625000,,,,N,units,,,,,,,,
DATAFLOW,SPC:DF_CLIMATE_CHANGE(1.0),Climate Change indicators,I,A,Annual,TRSM_ARR,Tourism Arrivals,NC,New Caledonia,2017,,626000,,,,N,units,,,,,,,,
DATAFLOW,SPC:DF_CLIMATE_CHANGE(1.0),Climate Change indicators,I,A,Annual,TRSM_ARR,Tourism Arrivals,NC,New Caledonia,2018,,576000,,,,N,units,,,,,,,,
DATAFLOW,SPC:DF_CLIMATE_CHANGE(1.0),Climate Change indicators,I,A,Annual,TRSM_ARR,Tourism Arrivals,NC,New Caledonia,2019,,474000,,,,N,units,,,,,,,,
DATAFLOW,SPC:DF_CLIMATE_CHANGE(1.0),Climate Change indicators,I,A,Annual,TRSM_ARR,Tourism Arrivals,NC,New Caledonia,2020,,80136,,,,N,units,,,,,,,,
DATAFLOW,SPC:DF_CLIMATE_CHANGE(1.0),Climate Change indicators,I,A,Annual,TRSM_ARR,Tourism Arrivals,NC,New Caledonia,2021,,13825,,,,N,units,,,,,,,,
DATAFLOW,SPC:DF_CLIMATE_CHANGE(1.0),Climate Change indicators,I,A,Annual,TRSM_ARR,Tourism Arrivals,NC,New Caledonia,2022,,138748,,,,N,units,,,,,,,,
DATAFLOW,SPC:DF_CLIMATE_CHANGE(1.0),Climate Change indicators,I,A,Annual,TRSM_ARR,Tourism Arrivals,NC,New Caledonia,2023,,125097,,,,N,units,,,,,,,,
DATAFLOW,SPC:DF_CLIMATE_CHANGE(1.0),Climate Change indicators,I,A,Annual,TRSM_ARR,Tourism Arrivals,NC,New Caledonia,2024,,59399,,,,N,units,,,,,,,,
DATAFLOW,SPC:DF_CLIMATE_CHANGE(1.0),Climate Change indicators,I,A,Annual,TRSM_ARR,Tourism Arrivals,MH,Marshall Islands,2016,,6500,,,,N,units,,,,,,,,
DATAFLOW,SPC:DF_CLIMATE_CHANGE(1.0),Climate Change indicators,I,A,Annual,TRSM_ARR,Tourism Arrivals,MH,Marshall Islands,2017,,7900,,,,N,units,,,,,,,,
DATAFLOW,SPC:DF_CLIMATE_CHANGE(1.0),Climate Change indicators,I,A,Annual,TRSM_ARR,Tourism Arrivals,MH,Marshall Islands,2020,,2000,,,,N,units,,,,,,,,
DATAFLOW,SPC:DF_CLIMATE_CHANGE(1.0),Climate Change indicators,I,A,Annual,TRSM_ARR,Tourism Arrivals,PF,French Polynesia,1995,,186000,,,,N,units,,,,,,,,
DATAFLOW,SPC:DF_CLIMATE_CHANGE(1.0),Climate Change indicators,I,A,Annual,TRSM_ARR,Tourism Arrivals,PF,French Polynesia,1996,,184000,,,,N,units,,,,,,,,
DATAFLOW,SPC:DF_CLIMATE_CHANGE(1.0),Climate Change indicators,I,A,Annual,TRSM_ARR,Tourism Arrivals,PF,French Polynesia,1997,,201000,,,,N,units,,,,,,,,
DATAFLOW,SPC:DF_CLIMATE_CHANGE(1.0),Climate Change indicators,I,A,Annual,TRSM_ARR,Tourism Arrivals,PF,French Polynesia,1998,,211000,,,,N,units,,,,,,,,
DATAFLOW,SPC:DF_CLIMATE_CHANGE(1.0),Climate Change indicators,I,A,Annual,TRSM_ARR,Tourism Arrivals,PF,French Polynesia,1999,,236000,,,,N,units,,,,,,,,
DATAFLOW,SPC:DF_CLIMATE_CHANGE(1.0),Climate Change indicators,I,A,Annual,TRSM_ARR,Tourism Arrivals,PF,French Polynesia,2007,,243000,,,,N,units,,,,,,,,
DATAFLOW,SPC:DF_CLIMATE_CHANGE(1.0),Climate Change indicators,I,A,Annual,TRSM_ARR,Tourism Arrivals,PF,French Polynesia,2008,,227000,,,,N,units,,,,,,,,
DATAFLOW,SPC:DF_CLIMATE_CHANGE(1.0),Climate Change indicators,I,A,Annual,TRSM_ARR,Tourism Arrivals,PF,French Polynesia,2009,,190000,,,,N,units,,,,,,,,
DATAFLOW,SPC:DF_CLIMATE_CHANGE(1.0),Climate Change indicators,I,A,Annual,TRSM_ARR,Tourism Arrivals,PF,French Polynesia,2010,,179000,,,,N,units,,,,,,,,
DATAFLOW,SPC:DF_CLIMATE_CHANGE(1.0),Climate Change indicators,I,A,Annual,TRSM_ARR,Tourism Arrivals,PF,French Polynesia,2011,,196000,,,,N,units,,,,,,,,
DATAFLOW,SPC:DF_CLIMATE_CHANGE(1.0),Climate Change indicators,I,A,Annual,TRSM_ARR,Tourism Arrivals,PF,French Polynesia,2012,,210000,,,,N,units,,,,,,,,
DATAFLOW,SPC:DF_CLIMATE_CHANGE(1.0),Climate Change indicators,I,A,Annual,TRSM_ARR,Tourism Arrivals,PF,French Polynesia,2013,,214000,,,,N,units,,,,,,,,
DATAFLOW,SPC:DF_CLIMATE_CHANGE(1.0),Climate Change indicators,I,A,Annual,TRSM_ARR,Tourism Arrivals,PF,French Polynesia,2014,,228000,,,,N,units,,,,,,,,
DATAFLOW,SPC:DF_CLIMATE_CHANGE(1.0),Climate Change indicators,I,A,Annual,TRSM_ARR,Tourism Arrivals,PF,French Polynesia,2015,,239000,,,,N,units,,,,,,,,
DATAFLOW,SPC:DF_CLIMATE_CHANGE(1.0),Climate Change indicators,I,A,Annual,TRSM_ARR,Tourism Arrivals,PF,French Polynesia,2016,,241000,,,,N,units,,,,,,,,
DATAFLOW,SPC:DF_CLIMATE_CHANGE(1.0),Climate Change indicators,I,A,Annual,TRSM_ARR,Tourism Arrivals,PF,French Polynesia,2017,,254000,,,,N,units,,,,,,,,
DATAFLOW,SPC:DF_CLIMATE_CHANGE(1.0),Climate Change indicators,I,A,Annual,TRSM_ARR,Tourism Arrivals,PF,French Polynesia,2018,,260000,,,,N,units,,,,,,,,
DATAFLOW,SPC:DF_CLIMATE_CHANGE(1.0),Climate Change indicators,I,A,Annual,TRSM_ARR,Tourism Arrivals,PF,French Polynesia,2019,,282000,,,,N,units,,,,,,,,
DATAFLOW,SPC:DF_CLIMATE_CHANGE(1.0),Climate Change indicators,I,A,Annual,TRSM_ARR,Tourism Arrivals,PF,French Polynesia,2020,,89000,,,,N,units,,,,,,,,
DATAFLOW,SPC:DF_CLIMATE_CHANGE(1.0),Climate Change indicators,I,A,Annual,TRSM_ARR,Tourism Arrivals,PF,French Polynesia,2021,,95000,,,,N,units,,,,,,,,
DATAFLOW,SPC:DF_CLIMATE_CHANGE(1.0),Climate Change indicators,I,A,Annual,TRSM_ARR,Tourism Arrivals,PF,French Polynesia,2022,,261400,,,,N,units,,,,,,,,
DATAFLOW,SPC:DF_CLIMATE_CHANGE(1.0),Climate Change indicators,I,A,Annual,TRSM_ARR,Tourism Arrivals,TO,Tonga,1995,,33000,,,,N,units,,,,,,,,
DATAFLOW,SPC:DF_CLIMATE_CHANGE(1.0),Climate Change indicators,I,A,Annual,TRSM_ARR,Tourism Arrivals,TO,Tonga,1996,,31000,,,,N,units,,,,,,,,
DATAFLOW,SPC:DF_CLIMATE_CHANGE(1.0),Climate Change indicators,I,A,Annual,TRSM_ARR,Tourism Arrivals,TO,Tonga,1997,,29000,,,,N,units,,,,,,,,
DATAFLOW,SPC:DF_CLIMATE_CHANGE(1.0),Climate Change indicators,I,A,Annual,TRSM_ARR,Tourism Arrivals,TO,Tonga,1998,,35000,,,,N,units,,,,,,,,
DATAFLOW,SPC:DF_CLIMATE_CHANGE(1.0),Climate Change indicators,I,A,Annual,TRSM_ARR,Tourism Arrivals,TO,Tonga,1999,,44000,,,,N,units,,,,,,,,
DATAFLOW,SPC:DF_CLIMATE_CHANGE(1.0),Climate Change indicators,I,A,Annual,TRSM_ARR,Tourism Arrivals,TO,Tonga,2000,,43000,,,,N,units,,,,,,,,
DATAFLOW,SPC:DF_CLIMATE_CHANGE(1.0),Climate Change indicators,I,A,Annual,TRSM_ARR,Tourism Arrivals,TO,Tonga,2001,,38000,,,,N,units,,,,,,,,
DATAFLOW,SPC:DF_CLIMATE_CHANGE(1.0),Climate Change indicators,I,A,Annual,TRSM_ARR,Tourism Arrivals,TO,Tonga,2002,,45000,,,,N,units,,,,,,,,
DATAFLOW,SPC:DF_CLIMATE_CHANGE(1.0),Climate Change indicators,I,A,Annual,TRSM_ARR,Tourism Arrivals,TO,Tonga,2003,,51000,,,,N,units,,,,,,,,
DATAFLOW,SPC:DF_CLIMATE_CHANGE(1.0),Climate Change indicators,I,A,Annual,TRSM_ARR,Tourism Arrivals,TO,Tonga,2004,,51000,,,,N,units,,,,,,,,
DATAFLOW,SPC:DF_CLIMATE_CHANGE(1.0),Climate Change indicators,I,A,Annual,TRSM_ARR,Tourism Arrivals,TO,Tonga,2005,,60000,,,,N,units,,,,,,,,
DATAFLOW,SPC:DF_CLIMATE_CHANGE(1.0),Climate Change indicators,I,A,Annual,TRSM_ARR,Tourism Arrivals,TO,Tonga,2006,,54000,,,,N,units,,,,,,,,
DATAFLOW,SPC:DF_CLIMATE_CHANGE(1.0),Climate Change indicators,I,A,Annual,TRSM_ARR,Tourism Arrivals,TO,Tonga,2007,,65000,,,,N,units,,,,,,,,
DATAFLOW,SPC:DF_CLIMATE_CHANGE(1.0),Climate Change indicators,I,A,Annual,TRSM_ARR,Tourism Arrivals,TO,Tonga,2008,,65000,,,,N,units,,,,,,,,
DATAFLOW,SPC:DF_CLIMATE_CHANGE(1.0),Climate Change indicators,I,A,Annual,TRSM_ARR,Tourism Arrivals,TO,Tonga,2009,,74700,,,,N,units,,,,,,,,
DATAFLOW,SPC:DF_CLIMATE_CHANGE(1.0),Climate Change indicators,I,A,Annual,TRSM_ARR,Tourism Arrivals,TO,Tonga,2010,,65000,,,,N,units,,,,,,,,
DATAFLOW,SPC:DF_CLIMATE_CHANGE(1.0),Climate Change indicators,I,A,Annual,TRSM_ARR,Tourism Arrivals,TO,Tonga,2011,,68400,,,,N,units,,,,,,,,
DATAFLOW,SPC:DF_CLIMATE_CHANGE(1.0),Climate Change indicators,I,A,Annual,TRSM_ARR,Tourism Arrivals,TO,Tonga,2012,,57200,,,,N,units,,,,,,,,
DATAFLOW,SPC:DF_CLIMATE_CHANGE(1.0),Climate Change indicators,I,A,Annual,TRSM_ARR,Tourism Arrivals,TO,Tonga,2013,,59700,,,,N,units,,,,,,,,
DATAFLOW,SPC:DF_CLIMATE_CHANGE(1.0),Climate Change indicators,I,A,Annual,TRSM_ARR,Tourism Arrivals,TO,Tonga,2014,,65800,,,,N,units,,,,,,,,
DATAFLOW,SPC:DF_CLIMATE_CHANGE(1.0),Climate Change indicators,I,A,Annual,TRSM_ARR,Tourism Arrivals,TO,Tonga,2015,,72600,,,,N,units,,,,,,,,
DATAFLOW,SPC:DF_CLIMATE_CHANGE(1.0),Climate Change indicators,I,A,Annual,TRSM_ARR,Tourism Arrivals,TO,Tonga,2016,,86700,,,,N,units,,,,,,,,
DATAFLOW,SPC:DF_CLIMATE_CHANGE(1.0),Climate Change indicators,I,A,Annual,TRSM_ARR,Tourism Arrivals,TO,Tonga,2017,,86600,,,,N,units,,,,,,,,
DATAFLOW,SPC:DF_CLIMATE_CHANGE(1.0),Climate Change indicators,I,A,Annual,TRSM_ARR,Tourism Arrivals,TO,Tonga,2018,,77300,,,,N,units,,,,,,,,
DATAFLOW,SPC:DF_CLIMATE_CHANGE(1.0),Climate Change indicators,I,A,Annual,TRSM_ARR,Tourism Arrivals,TO,Tonga,2019,,94000,,,,N,units,,,,,,,,
DATAFLOW,SPC:DF_CLIMATE_CHANGE(1.0),Climate Change indicators,I,A,Annual,TRSM_ARR,Tourism Arrivals,TO,Tonga,2020,,11500,,,,N,units,,,,,,,,
DATAFLOW,SPC:DF_CLIMATE_CHANGE(1.0),Climate Change indicators,I,A,Annual,TRSM_ARR,Tourism Arrivals,TO,Tonga,2021,,200,,,,N,units,,,,,,,,
DATAFLOW,SPC:DF_CLIMATE_CHANGE(1.0),Climate Change indicators,I,A,Annual,TRSM_ARR,Tourism Arrivals,TO,Tonga,2022,,22300,,,,N,units,,,,,,,,
DATAFLOW,SPC:DF_CLIMATE_CHANGE(1.0),Climate Change indicators,I,A,Annual,TRSM_ARR,Tourism Arrivals,MP,Northern Mariana Islands,1995,,676000,,,,N,units,,,,,,,,
DATAFLOW,SPC:DF_CLIMATE_CHANGE(1.0),Climate Change indicators,I,A,Annual,TRSM_ARR,Tourism Arrivals,MP,Northern Mariana Islands,1996,,736000,,,,N,units,,,,,,,,
DATAFLOW,SPC:DF_CLIMATE_CHANGE(1.0),Climate Change indicators,I,A,Annual,TRSM_ARR,Tourism Arrivals,MP,Northern Mariana Islands,1997,,695000,,,,N,units,,,,,,,,
DATAFLOW,SPC:DF_CLIMATE_CHANGE(1.0),Climate Change indicators,I,A,Annual,TRSM_ARR,Tourism Arrivals,MP,Northern Mariana Islands,1998,,490000,,,,N,units,,,,,,,,
DATAFLOW,SPC:DF_CLIMATE_CHANGE(1.0),Climate Change indicators,I,A,Annual,TRSM_ARR,Tourism Arrivals,MP,Northern Mariana Islands,1999,,502000,,,,N,units,,,,,,,,
DATAFLOW,SPC:DF_CLIMATE_CHANGE(1.0),Climate Change indicators,I,A,Annual,TRSM_ARR,Tourism Arrivals,MP,Northern Mariana Islands,2000,,529000,,,,N,units,,,,,,,,
DATAFLOW,SPC:DF_CLIMATE_CHANGE(1.0),Climate Change indicators,I,A,Annual,TRSM_ARR,Tourism Arrivals,MP,Northern Mariana Islands,2001,,444000,,,,N,units,,,,,,,,
DATAFLOW,SPC:DF_CLIMATE_CHANGE(1.0),Climate Change indicators,I,A,Annual,TRSM_ARR,Tourism Arrivals,MP,Northern Mariana Islands,2002,,476000,,,,N,units,,,,,,,,
DATAFLOW,SPC:DF_CLIMATE_CHANGE(1.0),Climate Change indicators,I,A,Annual,TRSM_ARR,Tourism Arrivals,MP,Northern Mariana Islands,2003,,459000,,,,N,units,,,,,,,,
DATAFLOW,SPC:DF_CLIMATE_CHANGE(1.0),Climate Change indicators,I,A,Annual,TRSM_ARR,Tourism Arrivals,MP,Northern Mariana Islands,2004,,536000,,,,N,units,,,,,,,,
DATAFLOW,SPC:DF_CLIMATE_CHANGE(1.0),Climate Change indicators,I,A,Annual,TRSM_ARR,Tourism Arrivals,MP,Northern Mariana Islands,2005,,507000,,,,N,units,,,,,,,,
DATAFLOW,SPC:DF_CLIMATE_CHANGE(1.0),Climate Change indicators,I,A,Annual,TRSM_ARR,Tourism Arrivals,MP,Northern Mariana Islands,2006,,436000,,,,N,units,,,,,,,,
DATAFLOW,SPC:DF_CLIMATE_CHANGE(1.0),Climate Change indicators,I,A,Annual,TRSM_ARR,Tourism Arrivals,MP,Northern Mariana Islands,2007,,389000,,,,N,units,,,,,,,,
DATAFLOW,SPC:DF_CLIMATE_CHANGE(1.0),Climate Change indicators,I,A,Annual,TRSM_ARR,Tourism Arrivals,MP,Northern Mariana Islands,2008,,397000,,,,N,units,,,,,,,,
DATAFLOW,SPC:DF_CLIMATE_CHANGE(1.0),Climate Change indicators,I,A,Annual,TRSM_ARR,Tourism Arrivals,MP,Northern Mariana Islands,2009,,354000,,,,N,units,,,,,,,,
DATAFLOW,SPC:DF_CLIMATE_CHANGE(1.0),Climate Change indicators,I,A,Annual,TRSM_ARR,Tourism Arrivals,MP,Northern Mariana Islands,2010,,379000,,,,N,units,,,,,,,,
DATAFLOW,SPC:DF_CLIMATE_CHANGE(1.0),Climate Change indicators,I,A,Annual,TRSM_ARR,Tourism Arrivals,MP,Northern Mariana Islands,2011,,341000,,,,N,units,,,,,,,,
DATAFLOW,SPC:DF_CLIMATE_CHANGE(1.0),Climate Change indicators,I,A,Annual,TRSM_ARR,Tourism Arrivals,MP,Northern Mariana Islands,2012,,401000,,,,N,units,,,,,,,,
DATAFLOW,SPC:DF_CLIMATE_CHANGE(1.0),Climate Change indicators,I,A,Annual,TRSM_ARR,Tourism Arrivals,MP,Northern Mariana Islands,2013,,439000,,,,N,units,,,,,,,,
DATAFLOW,SPC:DF_CLIMATE_CHANGE(1.0),Climate Change indicators,I,A,Annual,TRSM_ARR,Tourism Arrivals,MP,Northern Mariana Islands,2014,,460000,,,,N,units,,,,,,,,
DATAFLOW,SPC:DF_CLIMATE_CHANGE(1.0),Climate Change indicators,I,A,Annual,TRSM_ARR,Tourism Arrivals,MP,Northern Mariana Islands,2015,,479000,,,,N,units,,,,,,,,
DATAFLOW,SPC:DF_CLIMATE_CHANGE(1.0),Climate Change indicators,I,A,Annual,TRSM_ARR,Tourism Arrivals,MP,Northern Mariana Islands,2016,,531000,,,,N,units,,,,,,,,
DATAFLOW,SPC:DF_CLIMATE_CHANGE(1.0),Climate Change indicators,I,A,Annual,TRSM_ARR,Tourism Arrivals,MP,Northern Mariana Islands,2017,,660000,,,,N,units,,,,,,,,
DATAFLOW,SPC:DF_CLIMATE_CHANGE(1.0),Climate Change indicators,I,A,Annual,TRSM_ARR,Tourism Arrivals,MP,Northern Mariana Islands,2018,,518000,,,,N,units,,,,,,,,
DATAFLOW,SPC:DF_CLIMATE_CHANGE(1.0),Climate Change indicators,I,A,Annual,TRSM_ARR,Tourism Arrivals,MP,Northern Mariana Islands,2019,,487000,,,,N,units,,,,,,,,
DATAFLOW,SPC:DF_CLIMATE_CHANGE(1.0),Climate Change indicators,I,A,Annual,TRSM_ARR,Tourism Arrivals,MP,Northern Mariana Islands,2020,,89000,,,,N,units,,,,,,,,
DATAFLOW,SPC:DF_CLIMATE_CHANGE(1.0),Climate Change indicators,I,A,Annual,TRSM_ARR,Tourism Arrivals,MP,Northern Mariana Islands,2021,,12700,,,,N,units,,,,,,,,
DATAFLOW,SPC:DF_CLIMATE_CHANGE(1.0),Climate Change indicators,I,A,Annual,TRSM_ARR,Tourism Arrivals,MP,Northern Mariana Islands,2022,,96600,,,,N,units,,,,,,,,
DATAFLOW,SPC:DF_CLIMATE_CHANGE(1.0),Climate Change indicators,I,A,Annual,TRSM_ARR,Tourism Arrivals,GU,Guam,2020,,328173,,,,N,units,,,,,,,,
DATAFLOW,SPC:DF_CLIMATE_CHANGE(1.0),Climate Change indicators,I,A,Annual,TRSM_ARR,Tourism Arrivals,GU,Guam,2021,,79389,,,,N,units,,,,,,,,
DATAFLOW,SPC:DF_CLIMATE_CHANGE(1.0),Climate Change indicators,I,A,Annual,TRSM_ARR,Tourism Arrivals,GU,Guam,2022,,326878,,,,N,units,,,,,,,,
DATAFLOW,SPC:DF_CLIMATE_CHANGE(1.0),Climate Change indicators,I,A,Annual,TRSM_ARR,Tourism Arrivals,GU,Guam,2023,,656518,,,,N,units,,,,,,,,
DATAFLOW,SPC:DF_CLIMATE_CHANGE(1.0),Climate Change indicators,I,A,Annual,TRSM_ARR,Tourism Arrivals,GU,Guam,2024,,739146,,,,N,units,,,,,,,,
DATAFLOW,SPC:DF_CLIMATE_CHANGE(1.0),Climate Change indicators,I,A,Annual,TRSM_ARR,Tourism Arrivals,NU,Niue,2017,,11600,,,,N,units,,,,,,,,
DATAFLOW,SPC:DF_CLIMATE_CHANGE(1.0),Climate Change indicators,I,A,Annual,TRSM_ARR,Tourism Arrivals,VU,Vanuatu,1995,,82000,,,,N,units,,,,,,,,
DATAFLOW,SPC:DF_CLIMATE_CHANGE(1.0),Climate Change indicators,I,A,Annual,TRSM_ARR,Tourism Arrivals,VU,Vanuatu,1996,,103000,,,,N,units,,,,,,,,
DATAFLOW,SPC:DF_CLIMATE_CHANGE(1.0),Climate Change indicators,I,A,Annual,TRSM_ARR,Tourism Arrivals,VU,Vanuatu,1997,,81000,,,,N,units,,,,,,,,
DATAFLOW,SPC:DF_CLIMATE_CHANGE(1.0),Climate Change indicators,I,A,Annual,TRSM_ARR,Tourism Arrivals,VU,Vanuatu,1998,,78000,,,,N,units,,,,,,,,
DATAFLOW,SPC:DF_CLIMATE_CHANGE(1.0),Climate Change indicators,I,A,Annual,TRSM_ARR,Tourism Arrivals,VU,Vanuatu,1999,,96000,,,,N,units,,,,,,,,
DATAFLOW,SPC:DF_CLIMATE_CHANGE(1.0),Climate Change indicators,I,A,Annual,TRSM_ARR,Tourism Arrivals,VU,Vanuatu,2000,,106000,,,,N,units,,,,,,,,
DATAFLOW,SPC:DF_CLIMATE_CHANGE(1.0),Climate Change indicators,I,A,Annual,TRSM_ARR,Tourism Arrivals,VU,Vanuatu,2001,,106000,,,,N,units,,,,,,,,
DATAFLOW,SPC:DF_CLIMATE_CHANGE(1.0),Climate Change indicators,I,A,Annual,TRSM_ARR,Tourism Arrivals,VU,Vanuatu,2002,,99000,,,,N,units,,,,,,,,
DATAFLOW,SPC:DF_CLIMATE_CHANGE(1.0),Climate Change indicators,I,A,Annual,TRSM_ARR,Tourism Arrivals,VU,Vanuatu,2003,,102000,,,,N,units,,,,,,,,
DATAFLOW,SPC:DF_CLIMATE_CHANGE(1.0),Climate Change indicators,I,A,Annual,TRSM_ARR,Tourism Arrivals,VU,Vanuatu,2004,,99000,,,,N,units,,,,,,,,
DATAFLOW,SPC:DF_CLIMATE_CHANGE(1.0),Climate Change indicators,I,A,Annual,TRSM_ARR,Tourism Arrivals,VU,Vanuatu,2005,,126000,,,,N,units,,,,,,,,
DATAFLOW,SPC:DF_CLIMATE_CHANGE(1.0),Climate Change indicators,I,A,Annual,TRSM_ARR,Tourism Arrivals,VU,Vanuatu,2006,,154000,,,,N,units,,,,,,,,
DATAFLOW,SPC:DF_CLIMATE_CHANGE(1.0),Climate Change indicators,I,A,Annual,TRSM_ARR,Tourism Arrivals,VU,Vanuatu,2007,,167000,,,,N,units,,,,,,,,
DATAFLOW,SPC:DF_CLIMATE_CHANGE(1.0),Climate Change indicators,I,A,Annual,TRSM_ARR,Tourism Arrivals,VU,Vanuatu,2008,,196600,,,,N,units,,,,,,,,
DATAFLOW,SPC:DF_CLIMATE_CHANGE(1.0),Climate Change indicators,I,A,Annual,TRSM_ARR,Tourism Arrivals,VU,Vanuatu,2009,,225500,,,,N,units,,,,,,,,
DATAFLOW,SPC:DF_CLIMATE_CHANGE(1.0),Climate Change indicators,I,A,Annual,TRSM_ARR,Tourism Arrivals,VU,Vanuatu,2010,,237700,,,,N,units,,,,,,,,
DATAFLOW,SPC:DF_CLIMATE_CHANGE(1.0),Climate Change indicators,I,A,Annual,TRSM_ARR,Tourism Arrivals,VU,Vanuatu,2011,,248900,,,,N,units,,,,,,,,
DATAFLOW,SPC:DF_CLIMATE_CHANGE(1.0),Climate Change indicators,I,A,Annual,TRSM_ARR,Tourism Arrivals,VU,Vanuatu,2012,,321000,,,,N,units,,,,,,,,
DATAFLOW,SPC:DF_CLIMATE_CHANGE(1.0),Climate Change indicators,I,A,Annual,TRSM_ARR,Tourism Arrivals,VU,Vanuatu,2013,,357000,,,,N,units,,,,,,,,
DATAFLOW,SPC:DF_CLIMATE_CHANGE(1.0),Climate Change indicators,I,A,Annual,TRSM_ARR,Tourism Arrivals,VU,Vanuatu,2014,,329000,,,,N,units,,,,,,,,
DATAFLOW,SPC:DF_CLIMATE_CHANGE(1.0),Climate Change indicators,I,A,Annual,TRSM_ARR,Tourism Arrivals,VU,Vanuatu,2015,,287000,,,,N,units,,,,,,,,
DATAFLOW,SPC:DF_CLIMATE_CHANGE(1.0),Climate Change indicators,I,A,Annual,TRSM_ARR,Tourism Arrivals,VU,Vanuatu,2016,,351600,,,,N,units,,,,,,,,
DATAFLOW,SPC:DF_CLIMATE_CHANGE(1.0),Climate Change indicators,I,A,Annual,TRSM_ARR,Tourism Arrivals,VU,Vanuatu,2017,,332700,,,,N,units,,,,,,,,
DATAFLOW,SPC:DF_CLIMATE_CHANGE(1.0),Climate Change indicators,I,A,Annual,TRSM_ARR,Tourism Arrivals,VU,Vanuatu,2018,,350200,,,,N,units,,,,,,,,
DATAFLOW,SPC:DF_CLIMATE_CHANGE(1.0),Climate Change indicators,I,A,Annual,TRSM_ARR,Tourism Arrivals,VU,Vanuatu,2019,,256000,,,,N,units,,,,,,,,
DATAFLOW,SPC:DF_CLIMATE_CHANGE(1.0),Climate Change indicators,I,A,Annual,TRSM_ARR,Tourism Arrivals,VU,Vanuatu,2020,,82400,,,,N,units,,,,,,,,
DATAFLOW,SPC:DF_CLIMATE_CHANGE(1.0),Climate Change indicators,I,A,Annual,TRSM_ARR,Tourism Arrivals,VU,Vanuatu,2022,,65000,,,,N,units,,,,,,,,
DATAFLOW,SPC:DF_CLIMATE_CHANGE(1.0),Climate Change indicators,I,A,Annual,TRSM_ARR,Tourism Arrivals,AS,American Samoa,2010,,40300,,,,N,units,,,,,,,,
DATAFLOW,SPC:DF_CLIMATE_CHANGE(1.0),Climate Change indicators,I,A,Annual,TRSM_ARR,Tourism Arrivals,AS,American Samoa,2011,,41300,,,,N,units,,,,,,,,
DATAFLOW,SPC:DF_CLIMATE_CHANGE(1.0),Climate Change indicators,I,A,Annual,TRSM_ARR,Tourism Arrivals,AS,American Samoa,2012,,50200,,,,N,units,,,,,,,,
DATAFLOW,SPC:DF_CLIMATE_CHANGE(1.0),Climate Change indicators,I,A,Annual,TRSM_ARR,Tourism Arrivals,AS,American Samoa,2013,,49300,,,,N,units,,,,,,,,
DATAFLOW,SPC:DF_CLIMATE_CHANGE(1.0),Climate Change indicators,I,A,Annual,TRSM_ARR,Tourism Arrivals,AS,American Samoa,2014,,51600,,,,N,units,,,,,,,,
DATAFLOW,SPC:DF_CLIMATE_CHANGE(1.0),Climate Change indicators,I,A,Annual,TRSM_ARR,Tourism Arrivals,AS,American Samoa,2015,,47100,,,,N,units,,,,,,,,
DATAFLOW,SPC:DF_CLIMATE_CHANGE(1.0),Climate Change indicators,I,A,Annual,TRSM_ARR,Tourism Arrivals,AS,American Samoa,2016,,38300,,,,N,units,,,,,,,,
DATAFLOW,SPC:DF_CLIMATE_CHANGE(1.0),Climate Change indicators,I,A,Annual,TRSM_ARR,Tourism Arrivals,AS,American Samoa,2017,,42300,,,,N,units,,,,,,,,
DATAFLOW,SPC:DF_CLIMATE_CHANGE(1.0),Climate Change indicators,I,A,Annual,TRSM_ARR,Tourism Arrivals,AS,American Samoa,2018,,51800,,,,N,units,,,,,,,,
DATAFLOW,SPC:DF_CLIMATE_CHANGE(1.0),Climate Change indicators,I,A,Annual,TRSM_ARR,Tourism Arrivals,AS,American Samoa,2019,,58600,,,,N,units,,,,,,,,
DATAFLOW,SPC:DF_CLIMATE_CHANGE(1.0),Climate Change indicators,I,A,Annual,TRSM_ARR,Tourism Arrivals,KI,Kiribati,1999,,20300,,,,N,units,,,,,,,,
DATAFLOW,SPC:DF_CLIMATE_CHANGE(1.0),Climate Change indicators,I,A,Annual,TRSM_ARR,Tourism Arrivals,KI,Kiribati,2000,,13400,,,,N,units,,,,,,,,
DATAFLOW,SPC:DF_CLIMATE_CHANGE(1.0),Climate Change indicators,I,A,Annual,TRSM_ARR,Tourism Arrivals,KI,Kiribati,2001,,14500,,,,N,units,,,,,,,,
DATAFLOW,SPC:DF_CLIMATE_CHANGE(1.0),Climate Change indicators,I,A,Annual,TRSM_ARR,Tourism Arrivals,KI,Kiribati,2002,,119500,,,,N,units,,,,,,,,
DATAFLOW,SPC:DF_CLIMATE_CHANGE(1.0),Climate Change indicators,I,A,Annual,TRSM_ARR,Tourism Arrivals,KI,Kiribati,2003,,130100,,,,N,units,,,,,,,,
DATAFLOW,SPC:DF_CLIMATE_CHANGE(1.0),Climate Change indicators,I,A,Annual,TRSM_ARR,Tourism Arrivals,KI,Kiribati,2004,,63900,,,,N,units,,,,,,,,
DATAFLOW,SPC:DF_CLIMATE_CHANGE(1.0),Climate Change indicators,I,A,Annual,TRSM_ARR,Tourism Arrivals,KI,Kiribati,2005,,50200,,,,N,units,,,,,,,,
DATAFLOW,SPC:DF_CLIMATE_CHANGE(1.0),Climate Change indicators,I,A,Annual,TRSM_ARR,Tourism Arrivals,KI,Kiribati,2006,,10800,,,,N,units,,,,,,,,
DATAFLOW,SPC:DF_CLIMATE_CHANGE(1.0),Climate Change indicators,I,A,Annual,TRSM_ARR,Tourism Arrivals,KI,Kiribati,2007,,32300,,,,N,units,,,,,,,,
DATAFLOW,SPC:DF_CLIMATE_CHANGE(1.0),Climate Change indicators,I,A,Annual,TRSM_ARR,Tourism Arrivals,KI,Kiribati,2014,,8300,,,,N,units,,,,,,,,
DATAFLOW,SPC:DF_CLIMATE_CHANGE(1.0),Climate Change indicators,I,A,Annual,TRSM_ARR,Tourism Arrivals,KI,Kiribati,2015,,8200,,,,N,units,,,,,,,,
DATAFLOW,SPC:DF_CLIMATE_CHANGE(1.0),Climate Change indicators,I,A,Annual,TRSM_ARR,Tourism Arrivals,KI,Kiribati,2016,,7600,,,,N,units,,,,,,,,
DATAFLOW,SPC:DF_CLIMATE_CHANGE(1.0),Climate Change indicators,I,A,Annual,TRSM_ARR,Tourism Arrivals,KI,Kiribati,2017,,7500,,,,N,units,,,,,,,,
DATAFLOW,SPC:DF_CLIMATE_CHANGE(1.0),Climate Change indicators,I,A,Annual,TRSM_ARR,Tourism Arrivals,KI,Kiribati,2018,,9000,,,,N,units,,,,,,,,
DATAFLOW,SPC:DF_CLIMATE_CHANGE(1.0),Climate Change indicators,I,A,Annual,TRSM_ARR,Tourism Arrivals,KI,Kiribati,2019,,12000,,,,N,units,,,,,,,,
DATAFLOW,SPC:DF_CLIMATE_CHANGE(1.0),Climate Change indicators,I,A,Annual,TRSM_ARR,Tourism Arrivals,WS,Samoa,2006,,116000,,,,N,units,,,,,,,,
DATAFLOW,SPC:DF_CLIMATE_CHANGE(1.0),Climate Change indicators,I,A,Annual,TRSM_ARR,Tourism Arrivals,WS,Samoa,2007,,122000,,,,N,units,,,,,,,,
DATAFLOW,SPC:DF_CLIMATE_CHANGE(1.0),Climate Change indicators,I,A,Annual,TRSM_ARR,Tourism Arrivals,WS,Samoa,2008,,122000,,,,N,units,,,,,,,,
DATAFLOW,SPC:DF_CLIMATE_CHANGE(1.0),Climate Change indicators,I,A,Annual,TRSM_ARR,Tourism Arrivals,WS,Samoa,2009,,129000,,,,N,units,,,,,,,,
DATAFLOW,SPC:DF_CLIMATE_CHANGE(1.0),Climate Change indicators,I,A,Annual,TRSM_ARR,Tourism Arrivals,WS,Samoa,2010,,130000,,,,N,units,,,,,,,,
DATAFLOW,SPC:DF_CLIMATE_CHANGE(1.0),Climate Change indicators,I,A,Annual,TRSM_ARR,Tourism Arrivals,WS,Samoa,2011,,128000,,,,N,units,,,,,,,,
DATAFLOW,SPC:DF_CLIMATE_CHANGE(1.0),Climate Change indicators,I,A,Annual,TRSM_ARR,Tourism Arrivals,WS,Samoa,2012,,135000,,,,N,units,,,,,,,,
DATAFLOW,SPC:DF_CLIMATE_CHANGE(1.0),Climate Change indicators,I,A,Annual,TRSM_ARR,Tourism Arrivals,WS,Samoa,2013,,125000,,,,N,units,,,,,,,,
DATAFLOW,SPC:DF_CLIMATE_CHANGE(1.0),Climate Change indicators,I,A,Annual,TRSM_ARR,Tourism Arrivals,WS,Samoa,2014,,132000,,,,N,units,,,,,,,,
DATAFLOW,SPC:DF_CLIMATE_CHANGE(1.0),Climate Change indicators,I,A,Annual,TRSM_ARR,Tourism Arrivals,WS,Samoa,2015,,139000,,,,N,units,,,,,,,,
DATAFLOW,SPC:DF_CLIMATE_CHANGE(1.0),Climate Change indicators,I,A,Annual,TRSM_ARR,Tourism Arrivals,WS,Samoa,2016,,146000,,,,N,units,,,,,,,,
DATAFLOW,SPC:DF_CLIMATE_CHANGE(1.0),Climate Change indicators,I,A,Annual,TRSM_ARR,Tourism Arrivals,WS,Samoa,2017,,158000,,,,N,units,,,,,,,,
DATAFLOW,SPC:DF_CLIMATE_CHANGE(1.0),Climate Change indicators,I,A,Annual,TRSM_ARR,Tourism Arrivals,WS,Samoa,2018,,172000,,,,N,units,,,,,,,,
DATAFLOW,SPC:DF_CLIMATE_CHANGE(1.0),Climate Change indicators,I,A,Annual,TRSM_ARR,Tourism Arrivals,WS,Samoa,2019,,181000,,,,N,units,,,,,,,,
DATAFLOW,SPC:DF_CLIMATE_CHANGE(1.0),Climate Change indicators,I,A,Annual,TRSM_ARR,Tourism Arrivals,WS,Samoa,2020,,23900,,,,N,units,,,,,,,,
DATAFLOW,SPC:DF_CLIMATE_CHANGE(1.0),Climate Change indicators,I,A,Annual,TRSM_ARR,Tourism Arrivals,WS,Samoa,2021,,2600,,,,N,units,,,,,,,,
DATAFLOW,SPC:DF_CLIMATE_CHANGE(1.0),Climate Change indicators,I,A,Annual,TRSM_ARR,Tourism Arrivals,WS,Samoa,2022,,50600,,,,N,units,,,,,,,,
DATAFLOW,SPC:DF_CLIMATE_CHANGE(1.0),Climate Change indicators,I,A,Annual,TRSM_ARR,Tourism Arrivals,PG,Papua New Guinea,2008,,120000,,,,N,units,,,,,,,,
DATAFLOW,SPC:DF_CLIMATE_CHANGE(1.0),Climate Change indicators,I,A,Annual,TRSM_ARR,Tourism Arrivals,PG,Papua New Guinea,2009,,126000,,,,N,units,,,,,,,,
DATAFLOW,SPC:DF_CLIMATE_CHANGE(1.0),Climate Change indicators,I,A,Annual,TRSM_ARR,Tourism Arrivals,PG,Papua New Guinea,2010,,146000,,,,N,units,,,,,,,,
DATAFLOW,SPC:DF_CLIMATE_CHANGE(1.0),Climate Change indicators,I,A,Annual,TRSM_ARR,Tourism Arrivals,PG,Papua New Guinea,2011,,165000,,,,N,units,,,,,,,,
DATAFLOW,SPC:DF_CLIMATE_CHANGE(1.0),Climate Change indicators,I,A,Annual,TRSM_ARR,Tourism Arrivals,PG,Papua New Guinea,2012,,175000,,,,N,units,,,,,,,,
DATAFLOW,SPC:DF_CLIMATE_CHANGE(1.0),Climate Change indicators,I,A,Annual,TRSM_ARR,Tourism Arrivals,PG,Papua New Guinea,2013,,182000,,,,N,units,,,,,,,,
DATAFLOW,SPC:DF_CLIMATE_CHANGE(1.0),Climate Change indicators,I,A,Annual,TRSM_ARR,Tourism Arrivals,PG,Papua New Guinea,2014,,191000,,,,N,units,,,,,,,,
DATAFLOW,SPC:DF_CLIMATE_CHANGE(1.0),Climate Change indicators,I,A,Annual,TRSM_ARR,Tourism Arrivals,PG,Papua New Guinea,2015,,199000,,,,N,units,,,,,,,,
DATAFLOW,SPC:DF_CLIMATE_CHANGE(1.0),Climate Change indicators,I,A,Annual,TRSM_ARR,Tourism Arrivals,PG,Papua New Guinea,2016,,198000,,,,N,units,,,,,,,,
DATAFLOW,SPC:DF_CLIMATE_CHANGE(1.0),Climate Change indicators,I,A,Annual,TRSM_ARR,Tourism Arrivals,PG,Papua New Guinea,2017,,182000,,,,N,units,,,,,,,,
DATAFLOW,SPC:DF_CLIMATE_CHANGE(1.0),Climate Change indicators,I,A,Annual,TRSM_ARR,Tourism Arrivals,PG,Papua New Guinea,2018,,195000,,,,N,units,,,,,,,,
DATAFLOW,SPC:DF_CLIMATE_CHANGE(1.0),Climate Change indicators,I,A,Annual,TRSM_ARR,Tourism Arrivals,PG,Papua New Guinea,2019,,211000,,,,N,units,,,,,,,,
DATAFLOW,SPC:DF_CLIMATE_CHANGE(1.0),Climate Change indicators,I,A,Annual,TRSM_ARR,Tourism Arrivals,PG,Papua New Guinea,2020,,39000,,,,N,units,,,,,,,,
DATAFLOW,SPC:DF_CLIMATE_CHANGE(1.0),Climate Change indicators,I,A,Annual,TRSM_ARR,Tourism Arrivals,PG,Papua New Guinea,2021,,17000,,,,N,units,,,,,,,,
DATAFLOW,SPC:DF_CLIMATE_CHANGE(1.0),Climate Change indicators,I,A,Annual,TRSM_ARR,Tourism Arrivals,PG,Papua New Guinea,2022,,69400,,,,N,units,,,,,,,,
DATAFLOW,SPC:DF_CLIMATE_CHANGE(1.0),Climate Change indicators,I,A,Annual,TRSM_ARR,Tourism Arrivals,FJ,Fiji,1995,,476000,,,,N,units,,,,,,,,
DATAFLOW,SPC:DF_CLIMATE_CHANGE(1.0),Climate Change indicators,I,A,Annual,TRSM_ARR,Tourism Arrivals,FJ,Fiji,1996,,534000,,,,N,units,,,,,,,,
DATAFLOW,SPC:DF_CLIMATE_CHANGE(1.0),Climate Change indicators,I,A,Annual,TRSM_ARR,Tourism Arrivals,FJ,Fiji,1997,,547000,,,,N,units,,,,,,,,
DATAFLOW,SPC:DF_CLIMATE_CHANGE(1.0),Climate Change indicators,I,A,Annual,TRSM_ARR,Tourism Arrivals,FJ,Fiji,1998,,499000,,,,N,units,,,,,,,,
DATAFLOW,SPC:DF_CLIMATE_CHANGE(1.0),Climate Change indicators,I,A,Annual,TRSM_ARR,Tourism Arrivals,FJ,Fiji,1999,,544000,,,,N,units,,,,,,,,
DATAFLOW,SPC:DF_CLIMATE_CHANGE(1.0),Climate Change indicators,I,A,Annual,TRSM_ARR,Tourism Arrivals,FJ,Fiji,2000,,434000,,,,N,units,,,,,,,,
DATAFLOW,SPC:DF_CLIMATE_CHANGE(1.0),Climate Change indicators,I,A,Annual,TRSM_ARR,Tourism Arrivals,FJ,Fiji,2001,,446000,,,,N,units,,,,,,,,
DATAFLOW,SPC:DF_CLIMATE_CHANGE(1.0),Climate Change indicators,I,A,Annual,TRSM_ARR,Tourism Arrivals,FJ,Fiji,2002,,461000,,,,N,units,,,,,,,,
DATAFLOW,SPC:DF_CLIMATE_CHANGE(1.0),Climate Change indicators,I,A,Annual,TRSM_ARR,Tourism Arrivals,FJ,Fiji,2003,,451000,,,,N,units,,,,,,,,
DATAFLOW,SPC:DF_CLIMATE_CHANGE(1.0),Climate Change indicators,I,A,Annual,TRSM_ARR,Tourism Arrivals,FJ,Fiji,2004,,513000,,,,N,units,,,,,,,,
DATAFLOW,SPC:DF_CLIMATE_CHANGE(1.0),Climate Change indicators,I,A,Annual,TRSM_ARR,Tourism Arrivals,FJ,Fiji,2005,,547000,,,,N,units,,,,,,,,
DATAFLOW,SPC:DF_CLIMATE_CHANGE(1.0),Climate Change indicators,I,A,Annual,TRSM_ARR,Tourism Arrivals,FJ,Fiji,2007,,542000,,,,N,units,,,,,,,,
DATAFLOW,SPC:DF_CLIMATE_CHANGE(1.0),Climate Change indicators,I,A,Annual,TRSM_ARR,Tourism Arrivals,FJ,Fiji,2008,,627000,,,,N,units,,,,,,,,
DATAFLOW,SPC:DF_CLIMATE_CHANGE(1.0),Climate Change indicators,I,A,Annual,TRSM_ARR,Tourism Arrivals,FJ,Fiji,2009,,605000,,,,N,units,,,,,,,,
DATAFLOW,SPC:DF_CLIMATE_CHANGE(1.0),Climate Change indicators,I,A,Annual,TRSM_ARR,Tourism Arrivals,FJ,Fiji,2010,,692000,,,,N,units,,,,,,,,
DATAFLOW,SPC:DF_CLIMATE_CHANGE(1.0),Climate Change indicators,I,A,Annual,TRSM_ARR,Tourism Arrivals,FJ,Fiji,2011,,734000,,,,N,units,,,,,,,,
DATAFLOW,SPC:DF_CLIMATE_CHANGE(1.0),Climate Change indicators,I,A,Annual,TRSM_ARR,Tourism Arrivals,FJ,Fiji,2012,,741000,,,,N,units,,,,,,,,
DATAFLOW,SPC:DF_CLIMATE_CHANGE(1.0),Climate Change indicators,I,A,Annual,TRSM_ARR,Tourism Arrivals,FJ,Fiji,2013,,769000,,,,N,units,,,,,,,,
DATAFLOW,SPC:DF_CLIMATE_CHANGE(1.0),Climate Change indicators,I,A,Annual,TRSM_ARR,Tourism Arrivals,FJ,Fiji,2014,,781000,,,,N,units,,,,,,,,
DATAFLOW,SPC:DF_CLIMATE_CHANGE(1.0),Climate Change indicators,I,A,Annual,TRSM_ARR,Tourism Arrivals,FJ,Fiji,2015,,869000,,,,N,units,,,,,,,,
DATAFLOW,SPC:DF_CLIMATE_CHANGE(1.0),Climate Change indicators,I,A,Annual,TRSM_ARR,Tourism Arrivals,FJ,Fiji,2016,,963000,,,,N,units,,,,,,,,
DATAFLOW,SPC:DF_CLIMATE_CHANGE(1.0),Climate Change indicators,I,A,Annual,TRSM_ARR,Tourism Arrivals,FJ,Fiji,2017,,1027000,,,,N,units,,,,,,,,
DATAFLOW,SPC:DF_CLIMATE_CHANGE(1.0),Climate Change indicators,I,A,Annual,TRSM_ARR,Tourism Arrivals,FJ,Fiji,2018,,1058000,,,,N,units,,,,,,,,
DATAFLOW,SPC:DF_CLIMATE_CHANGE(1.0),Climate Change indicators,I,A,Annual,TRSM_ARR,Tourism Arrivals,FJ,Fiji,2019,,969000,,,,N,units,,,,,,,,
DATAFLOW,SPC:DF_CLIMATE_CHANGE(1.0),Climate Change indicators,I,A,Annual,TRSM_ARR,Tourism Arrivals,FJ,Fiji,2020,,168200,,,,N,units,,,,,,,,
DATAFLOW,SPC:DF_CLIMATE_CHANGE(1.0),Climate Change indicators,I,A,Annual,TRSM_ARR,Tourism Arrivals,FJ,Fiji,2021,,32000,,,,N,units,,,,,,,,
DATAFLOW,SPC:DF_CLIMATE_CHANGE(1.0),Climate Change indicators,I,A,Annual,TRSM_ARR,Tourism Arrivals,FJ,Fiji,2022,,652200,,,,N,units,,,,,,,,
DATAFLOW,SPC:DF_CLIMATE_CHANGE(1.0),Climate Change indicators,I,A,Annual,TRSM_ARR,Tourism Arrivals,FJ,Fiji,2023,,929740,,,,N,units,,,,,,,,
DATAFLOW,SPC:DF_CLIMATE_CHANGE(1.0),Climate Change indicators,I,A,Annual,TRSM_ARR,Tourism Arrivals,FJ,Fiji,2024,,928938,,,,N,units,,,,,,,,
