match_id,stage,gameweek,date,dayofweek,start_time,home_team,away_team,home_score,away_score,home_pens,away_pens,went_to_extra_time,decided_on_penalties,result,winner,venue,referee,home_formation,away_formation,home_manager,away_manager,home_captain,away_captain,notes,attendance,home_possession,away_possession,home_sot,away_sot,home_total_shots,away_total_shots,home_saves,away_saves,home_cards_yellow,away_cards_yellow,home_cards_red,away_cards_red,home_fouls,away_fouls,home_corners,away_corners,home_crosses,away_crosses,home_interceptions,away_interceptions,home_offsides,away_offsides
1,Group Stage,1,2026-06-11,Thu,13:00,Mexico,South Africa,2,0,,,0,0,home_win,Mexico,"Estadio Banorte, Coyoacán",Wilton Sampaio,4-1-4-1,5-3-2,Javier Aguirre,Hugo Broos,César Montes,Ronwen Williams,,80824,61,40,4,2,16,3,2,2,1,2,1,2,12,11,3,1,12,8,8,7,1,1
2,Group Stage,1,2026-06-11,Thu,20:00,Korea Republic,Czechia,2,1,,,0,0,home_win,Korea Republic,"Estadio Akron, Zapopan",Amin Omar,3-4-3,3-4-3,Hong Myung-bo,Miroslav Koubek,Son Heung-min,Ladislav Krejčí,,44985,62,38,6,4,15,7,3,4,1,0,0,0,9,16,4,5,12,15,11,7,2,2
3,Group Stage,1,2026-06-12,Fri,15:00,Canada,Bosnia–Herz,1,1,,,0,0,draw,,"BMO Field, Toronto",Facundo Tello,4-2-2-2,4-2-2-2,Jesse Marsch,Sergej Barbarez,Stephen Eustáquio,Sead Kolašinac,,43002,61,39,4,3,13,8,2,1,2,3,0,0,10,20,9,4,24,10,4,10,1,0
4,Group Stage,1,2026-06-12,Fri,18:00,United States,Paraguay,4,1,,,0,0,home_win,United States,"SoFi Stadium, Inglewood",Danny Makkelie,4-2-3-1,4-2-2-2,Mauricio Pochettino,Gustavo Alfaro,Tim Ream,Gustavo Gómez,,70492,65,35,6,1,16,9,0,3,1,5,0,0,13,17,3,1,17,5,11,9,2,1
5,Group Stage,1,2026-06-13,Sat,12:00,Qatar,Switzerland,1,1,,,0,0,draw,,"Levi's Stadium, Santa Clara",Said Martínez,4-1-4-1,4-2-3-1,Julen Lopetegui,Murat Yakin,Boualem Khoukhi,Granit Xhaka,,67966,32,68,4,7,7,26,5,3,2,1,0,0,12,11,3,10,8,35,10,7,0,1
6,Group Stage,1,2026-06-13,Sat,18:00,Brazil,Morocco,1,1,,,0,0,draw,,"MetLife Stadium, East Rutherford",Slavko Vinčič,4-2-2-2,4-2-3-1,Carlo Ancelotti,Mohamed Ouahbi,Marquinhos,Achraf Hakimi,,80663,51,49,5,3,12,14,2,4,2,0,0,0,16,14,6,2,16,15,5,4,0,1
7,Group Stage,1,2026-06-13,Sat,21:00,Haiti,Scotland,0,1,,,0,0,away_win,Scotland,"Gillette Stadium, Foxborough",Mustapha Ghorbal,4-2-2-2,4-2-2-2,Sébastien Migné,Steve Clarke,Johny Placide,Andy Robertson,,64146,54,46,2,2,15,9,1,2,1,3,0,0,23,21,4,3,23,14,6,6,3,1
8,Group Stage,1,2026-06-13,Sat,21:00,Australia,Türkiye,2,0,,,0,0,home_win,Australia,"BC Place Stadium, Vancouver",Jesús Valenzuela,5-4-1,4-2-3-1,Tony Popovic,Vincenzo Montella,Harry Souttar,Hakan Çalhanoğlu,,52497,28,72,4,8,9,30,8,2,0,1,0,0,12,4,5,8,14,26,6,4,1,3
9,Group Stage,1,2026-06-14,Sun,12:00,Germany,Curaçao,7,1,,,0,0,home_win,Germany,"Reliant Stadium, Houston",Jalal Jiyed,4-2-3-1,4-3-1-2,Julian Nagelsmann,Dick Advocaat,Joshua Kimmich,Leandro Bacuna,,68021,65,35,12,2,26,8,1,4,0,0,0,0,18,11,8,1,12,7,10,16,0,1
10,Group Stage,1,2026-06-14,Sun,15:00,Netherlands,Japan,2,2,,,0,0,draw,,"AT&T Stadium, Arlington",Ismail Elfath,4-1-4-1,3-4-3,Ronald Koeman,Hajime Moriyasu,Virgil van Dijk,Ritsu Doan,,69285,60,40,6,3,10,10,1,4,3,0,0,0,7,7,5,4,21,23,7,4,1,0
11,Group Stage,1,2026-06-14,Sun,19:00,Côte d'Ivoire,Ecuador,1,0,,,0,0,home_win,Côte d'Ivoire,"Lincoln Financial Field, Philadelphia",François Letexier,4-2-2-2,4-2-2-2,Emerse Faé,Sebastián Becaccece,Franck Kessié,Enner Valencia,,68274,48,52,4,1,15,12,1,3,3,1,0,0,10,13,3,5,7,14,11,13,,
12,Group Stage,1,2026-06-14,Sun,20:00,Sweden,Tunisia,5,1,,,0,0,home_win,Sweden,"Estadio BBVA Bancomer, Guadalupe",Yael Falcón,3-4-1-2,5-3-2,Graham Potter,Sabri Lamouchi,Victor Lindelöf,Ellyes Skhiri,,50987,49,51,7,2,13,6,1,1,0,1,0,0,10,8,4,2,12,13,8,5,3,6
13,Group Stage,1,2026-06-15,Mon,12:00,Spain,Cabo Verde,0,0,,,0,0,draw,,"Mercedes-Benz Stadium, Atlanta",Adham Makhadmeh,4-1-4-1,4-1-4-1,Luis de la Fuente,Bubista,Rodri,Ryan Mendes,,67640,74,26,7,1,27,6,1,7,1,1,0,0,10,1,11,1,36,4,6,16,2,3
14,Group Stage,1,2026-06-15,Mon,12:00,Belgium,Egypt,1,1,,,0,0,draw,,"Lumen Field, Seattle",Ramon Abatti,4-2-3-1,4-2-3-1,Rudi Garcia,Hossam Hassan,Youri Tielemans,Mohamed Salah,,66775,54,46,3,3,15,14,2,3,2,2,0,0,15,15,2,7,16,13,10,12,0,1
15,Group Stage,1,2026-06-15,Mon,18:00,Saudi Arabia,Uruguay,1,1,,,0,0,draw,,"Hard Rock Stadium, Miami Gardens",Maurizio Mariani,4-2-2-2,4-2-2-2,Georgios Donis,Marcelo Bielsa,Salem Al-Dawsari,Federico Valverde,,62764,33,67,3,10,7,27,9,2,1,0,0,0,11,6,4,14,7,47,7,10,0,6
16,Group Stage,1,2026-06-15,Mon,18:00,IR Iran,New Zealand,2,2,,,0,0,draw,,"SoFi Stadium, Inglewood",César Arturo Ramos,4-2-2-2,4-2-3-1,Amir Ghalehnoy,Darren Bazeley,Mehdi Taremi,Chris Wood,,70108,48,52,4,8,17,14,6,2,1,0,0,0,10,8,4,1,19,12,11,13,2,0
17,Group Stage,1,2026-06-16,Tue,15:00,France,Senegal,3,1,,,0,0,home_win,France,"MetLife Stadium, East Rutherford",Alireza Faghani,4-2-3-1,4-2-3-1,Didier Deschamps,Pape Thiaw,Kylian Mbappé,Kalidou Koulibaly,,80545,54,46,8,2,11,6,2,5,0,0,0,0,5,9,6,4,9,9,7,8,1,3
18,Group Stage,1,2026-06-16,Tue,18:00,Iraq,Norway,1,4,,,0,0,away_win,Norway,"Gillette Stadium, Foxborough",Pierre Ghislain Atcho,4-2-2-2,4-1-4-1,Graham Arnold,Ståle Solbakken,Jalal Hassan,Martin Ødegaard,,63106,39,61,1,5,11,12,2,0,1,0,0,0,12,13,2,5,13,17,5,3,1,0
19,Group Stage,1,2026-06-16,Tue,20:00,Argentina,Algeria,3,0,,,0,0,home_win,Argentina,"GEHA Field at Arrowhead Stadium, Kansas City",Szymon Marciniak,4-2-2-2,4-2-3-1,Lionel Scaloni,Vladimir Petković,Lionel Messi,Aïssa Mandi,,69045,48,52,6,0,10,7,0,3,0,0,0,0,13,8,2,2,5,8,12,8,3,1
20,Group Stage,1,2026-06-16,Tue,21:00,Austria,Jordan,3,1,,,0,0,home_win,Austria,"Levi's Stadium, Santa Clara",Dahane Beida,4-2-3-1,5-4-1,Ralf Rangnick,Jamal Sellami,David Alaba,Ihsan Haddad,,68527,63,37,4,4,11,11,3,1,1,0,0,0,12,7,4,3,17,15,15,12,3,1
21,Group Stage,1,2026-06-17,Wed,12:00,Portugal,Congo DR,1,1,,,0,0,draw,,"Reliant Stadium, Houston",Abdulrahman Ibrahim Al Jassim,4-2-3-1,5-3-2,Roberto Martínez,Sébastien Desabre,Cristiano Ronaldo,Chancel Mbemba,,68777,75,25,1,2,7,8,1,0,3,1,0,0,9,10,5,4,23,9,2,5,3,2
22,Group Stage,1,2026-06-17,Wed,15:00,England,Croatia,4,2,,,0,0,home_win,England,"AT&T Stadium, Arlington",Clément Turpin,4-2-3-1,3-4-3,Thomas Tuchel,Zlatko Dalić,Harry Kane,Luka Modrić,,70389,52,48,11,5,22,10,3,7,0,0,0,0,10,12,8,2,13,13,7,7,0,1
23,Group Stage,1,2026-06-17,Wed,19:00,Ghana,Panama,1,0,,,0,0,home_win,Ghana,"BMO Field, Toronto",Glenn Nyberg,4-2-3-1,3-4-3,Carlos Queiroz,Thomas Christiansen,Jordan Ayew,Yoel Bárcenas,,42942,38,62,2,4,8,11,4,2,1,2,0,0,9,11,2,2,16,21,8,5,4,1
24,Group Stage,1,2026-06-17,Wed,20:00,Uzbekistan,Colombia,1,3,,,0,0,away_win,Colombia,"Estadio Banorte, Coyoacán",Anthony Taylor,5-4-1,4-1-4-1,Fabio Cannavaro,Néstor Lorenzo,Eldor Shomurodov,James Rodríguez,,80824,39,62,2,4,8,15,1,1,1,1,0,0,14,11,3,4,13,15,7,6,0,3
25,Group Stage,2,2026-06-18,Thu,12:00,Czechia,South Africa,1,1,,,0,0,draw,,"Mercedes-Benz Stadium, Atlanta",Tori Penso,5-3-2,4-1-4-1,Miroslav Koubek,Hugo Broos,Ladislav Krejčí,Ronwen Williams,,67442,38,62,3,4,14,17,3,2,1,2,0,0,12,10,5,5,16,17,9,9,2,3
26,Group Stage,2,2026-06-18,Thu,12:00,Switzerland,Bosnia–Herz,4,1,,,0,0,home_win,Switzerland,"SoFi Stadium, Inglewood",João Pinheiro,4-1-4-1,4-2-2-2,Murat Yakin,Sergej Barbarez,Granit Xhaka,Edin Džeko,,70026,62,38,7,3,13,5,2,3,1,2,0,1,7,18,7,3,22,12,4,12,3,1
27,Group Stage,2,2026-06-18,Thu,15:00,Canada,Qatar,6,0,,,0,0,home_win,Canada,"BC Place Stadium, Vancouver",Cristián Garay,4-2-2-2,4-3-2-1,Jesse Marsch,Julen Lopetegui,Stephen Eustáquio,Boualem Khoukhi,,52497,79,21,10,0,32,2,0,4,1,1,0,2,9,10,19,1,55,3,6,11,1,1
28,Group Stage,2,2026-06-18,Thu,19:00,Mexico,Korea Republic,1,0,,,0,0,home_win,Mexico,"Estadio Akron, Zapopan",Gustavo Tejera,4-1-4-1,3-4-3,Javier Aguirre,Hong Myung-bo,Edson Álvarez,Son Heung-min,,45522,42,58,4,2,8,9,2,3,0,2,0,0,9,7,0,2,5,9,7,5,3,6
29,Group Stage,2,2026-06-19,Fri,12:00,United States,Australia,2,0,,,0,0,home_win,United States,"Lumen Field, Seattle",Felix Zwayer,3-5-2,5-4-1,Mauricio Pochettino,Tony Popovic,Tim Ream,Harry Souttar,,66925,62,38,2,2,10,5,2,1,3,4,0,0,12,16,7,4,14,19,21,7,1,0
30,Group Stage,2,2026-06-19,Fri,18:00,Scotland,Morocco,0,1,,,0,0,away_win,Morocco,"Gillette Stadium, Foxborough",Ilgiz Tantashev,4-1-4-1,4-2-3-1,Steve Clarke,Mohamed Ouahbi,Andy Robertson,Achraf Hakimi,,64146,41,59,0,2,6,12,1,0,1,1,0,0,11,8,2,5,13,10,9,5,1,0
31,Group Stage,2,2026-06-19,Fri,20:00,Türkiye,Paraguay,0,1,,,0,0,away_win,Paraguay,"Levi's Stadium, Santa Clara",Iván Barton,4-2-3-1,4-2-2-2,Vincenzo Montella,Gustavo Alfaro,Hakan Çalhanoğlu,Gustavo Gómez,,68827,79,22,5,2,32,7,1,5,2,1,0,1,14,15,12,0,42,6,6,9,2,3
32,Group Stage,2,2026-06-19,Fri,20:30,Brazil,Haiti,3,0,,,0,0,home_win,Brazil,"Lincoln Financial Field, Philadelphia",Alejandro Hernández,4-1-4-1,3-4-3,Carlo Ancelotti,Sébastien Migné,Marquinhos,Johny Placide,,68324,57,43,5,3,8,7,3,2,1,3,0,0,13,14,4,4,9,11,10,9,8,4
33,Group Stage,2,2026-06-20,Sat,12:00,Netherlands,Sweden,5,1,,,0,0,home_win,Netherlands,"Reliant Stadium, Houston",Michael Oliver,4-1-4-1,3-1-4-2,Ronald Koeman,Graham Potter,Virgil van Dijk,Victor Lindelöf,,68777,51,49,7,8,10,16,7,2,0,3,0,0,9,12,2,5,15,21,8,6,3,3
34,Group Stage,2,2026-06-20,Sat,16:00,Germany,Côte d'Ivoire,2,1,,,0,0,home_win,Germany,"BMO Field, Toronto",Juan Gabriel Benítez,4-2-3-1,4-1-4-1,Julian Nagelsmann,Emerse Faé,Joshua Kimmich,Franck Kessié,,43036,59,41,7,2,16,9,1,5,0,0,0,0,5,7,8,3,21,9,7,13,0,1
35,Group Stage,2,2026-06-20,Sat,19:00,Ecuador,Curaçao,0,0,,,0,0,draw,,"GEHA Field at Arrowhead Stadium, Kansas City",Ma Ning,3-1-4-2,5-4-1,Sebastián Becaccece,Dick Advocaat,Enner Valencia,Leandro Bacuna,,68598,75,25,15,3,27,10,3,15,1,5,0,0,7,10,9,0,32,1,7,8,1,2
36,Group Stage,2,2026-06-20,Sat,22:00,Tunisia,Japan,0,4,,,0,0,away_win,Japan,"Estadio BBVA, Guadalupe",István Kovács,5-4-1,3-4-3,Hervé Renard,Hajime Moriyasu,Ellyes Skhiri,Ko Itakura,,51243,38,62,0,5,2,11,1,0,0,0,0,0,8,15,3,5,10,11,14,6,1,1
37,Group Stage,2,2026-06-21,Sun,12:00,Belgium,IR Iran,0,0,,,0,0,draw,,"SoFi Stadium, Inglewood",Darío Herrera,4-2-3-1,5-4-1,Rudi Garcia,Amir Ghalehnoy,Youri Tielemans,Ehsan Hajsafi,,70317,70,30,7,3,23,7,3,7,1,1,1,0,7,9,4,2,32,8,3,13,3,4
38,Group Stage,2,2026-06-21,Sun,12:00,Spain,Saudi Arabia,4,0,,,0,0,home_win,Spain,"Mercedes-Benz Stadium, Atlanta",Raphael Claus,4-1-4-1,5-4-1,Luis de la Fuente,Georgios Donis,Rodri,Salem Al-Dawsari,,68239,67,33,8,1,22,3,1,5,0,2,0,0,10,2,6,1,25,5,16,12,2,3
39,Group Stage,2,2026-06-21,Sun,18:00,New Zealand,Egypt,1,3,,,0,0,away_win,Egypt,"BC Place Stadium, Vancouver",Omar Mohamed Al Ali,4-2-3-1,4-2-2-2,Darren Bazeley,Hossam Hassan,Chris Wood,Mohamed Salah,,52497,44,56,5,7,11,19,4,4,2,1,0,0,14,8,4,3,15,22,5,7,3,0
40,Group Stage,2,2026-06-21,Sun,18:00,Uruguay,Cabo Verde,2,2,,,0,0,draw,,"Hard Rock Stadium, Miami Gardens",Espen Eskås,4-1-4-1,4-1-4-1,Marcelo Bielsa,Bubista,Federico Valverde,Ryan Mendes,,64003,65,35,2,4,17,12,2,0,2,2,0,0,11,4,11,4,29,7,8,13,3,0
41,Group Stage,2,2026-06-22,Mon,12:00,Argentina,Austria,2,0,,,0,0,home_win,Argentina,"AT&T Stadium, Arlington",Amin Omar,4-2-2-2,4-2-3-1,Lionel Scaloni,Ralf Rangnick,Lionel Messi,David Alaba,,70649,54,46,5,1,12,6,1,2,2,2,0,0,13,13,1,3,4,16,8,9,2,0
42,Group Stage,2,2026-06-22,Mon,17:00,France,Iraq,3,0,,,0,0,home_win,France,"Lincoln Financial Field, Philadelphia",Drew Fischer,4-2-3-1,4-1-4-1,Didier Deschamps,Graham Arnold,Kylian Mbappé,Ayman Hussein,,68324,56,45,5,0,19,4,0,2,0,1,0,0,8,4,4,2,14,9,5,11,1,0
43,Group Stage,2,2026-06-22,Mon,20:00,Norway,Senegal,3,2,,,0,0,home_win,Norway,"MetLife Stadium, East Rutherford",Wilton Sampaio,4-1-4-1,4-2-3-1,Ståle Solbakken,Pape Thiaw,Martin Ødegaard,Kalidou Koulibaly,,80663,42,58,7,4,13,16,2,3,0,0,0,0,13,5,5,4,10,23,8,10,0,4
44,Group Stage,2,2026-06-22,Mon,20:00,Jordan,Algeria,1,2,,,0,0,away_win,Algeria,"Levi's Stadium, Santa Clara",Slavko Vinčič,5-4-1,4-2-3-1,Jamal Sellami,Vladimir Petković,Ihsan Haddad,Riyad Mahrez,,68371,28,72,4,8,8,17,6,3,1,1,0,0,11,6,1,10,5,21,2,10,1,0
45,Group Stage,2,2026-06-23,Tue,12:00,Portugal,Uzbekistan,5,0,,,0,0,home_win,Portugal,"Reliant Stadium, Houston",Jalal Jayed,4-2-3-1,5-4-1,Roberto Martínez,Fabio Cannavaro,Cristiano Ronaldo,Eldor Shomurodov,,68777,66,34,9,2,17,7,2,4,1,1,0,0,14,15,3,2,22,8,5,14,2,2
46,Group Stage,2,2026-06-23,Tue,16:00,England,Ghana,0,0,,,0,0,draw,,"Gillette Stadium, Foxborough",Said Martínez,4-2-3-1,4-1-4-1,Thomas Tuchel,Carlos Queiroz,Harry Kane,Jordan Ayew,,63983,79,21,3,1,19,2,0,3,1,1,0,0,14,24,9,2,30,5,1,8,2,2
47,Group Stage,2,2026-06-23,Tue,19:00,Panama,Croatia,0,1,,,0,0,away_win,Croatia,"BMO Field, Toronto",Pierre Ghislain Atcho,5-4-1,4-2-3-1,Thomas Christiansen,Zlatko Dalić,Yoel Bárcenas,Luka Modrić,,43036,42,58,1,2,8,6,1,1,1,1,0,0,19,12,7,2,29,17,4,5,1,2
48,Group Stage,2,2026-06-23,Tue,20:00,Colombia,Congo DR,1,0,,,0,0,home_win,Colombia,"Estadio Akron, Zapopan",Maurizio Mariani,4-1-4-1,5-3-2,Néstor Lorenzo,Sébastien Desabre,James Rodríguez,Chancel Mbemba,,45358,64,37,9,1,20,7,1,8,2,1,0,0,12,16,5,4,12,14,10,7,7,0
49,Group Stage,3,2026-06-24,Wed,12:00,Switzerland,Canada,2,1,,,0,0,home_win,Switzerland,"BC Place Stadium, Vancouver",Ramon Abatti,4-2-2-2,4-2-2-2,Murat Yakin,Jesse Marsch,Granit Xhaka,Jonathan David,,52497,55,45,4,7,6,13,6,2,1,2,0,0,19,13,2,7,6,26,5,13,1,3
50,Group Stage,3,2026-06-24,Wed,12:00,Bosnia–Herz,Qatar,3,1,,,0,0,home_win,Bosnia–Herz,"Lumen Field, Seattle",Jesús Valenzuela,4-2-2-2,4-3-2-1,Sergej Barbarez,Julen Lopetegui,Edin Džeko,Hassan Al-Haydos,,66925,55,46,5,3,14,9,2,3,1,1,0,0,9,14,5,5,22,17,4,4,1,3
51,Group Stage,3,2026-06-24,Wed,18:00,Scotland,Brazil,0,3,,,0,0,away_win,Brazil,"Hard Rock Stadium, Miami Gardens",César Arturo Ramos,4-2-3-1,4-1-4-1,Steve Clarke,Carlo Ancelotti,Andy Robertson,Marquinhos,,64478,46,54,5,9,14,21,5,5,1,2,0,0,10,11,7,6,23,12,2,13,0,1
52,Group Stage,3,2026-06-24,Wed,18:00,Morocco,Haiti,4,2,,,0,0,home_win,Morocco,"Mercedes-Benz Stadium, Atlanta",Danny Makkelie,4-2-2-2,4-2-2-2,Mohamed Ouahbi,Sébastien Migné,Achraf Hakimi,Johny Placide,,68239,69,31,11,2,22,9,1,8,0,3,0,0,10,18,9,1,22,3,7,14,5,0
53,Group Stage,3,2026-06-24,Wed,19:00,South Africa,Korea Republic,1,0,,,0,0,home_win,South Africa,"Estadio BBVA, Guadalupe",Facundo Tello,4-2-3-1,3-4-3,Hugo Broos,Hong Myung-bo,Ronwen Williams,Kim Min-jae,,51243,32,69,4,3,13,8,2,3,1,1,0,0,7,9,4,6,8,33,15,4,3,0
54,Group Stage,3,2026-06-24,Wed,19:00,Czechia,Mexico,0,3,,,0,0,away_win,Mexico,"Estadio Banorte, Coyoacán",Yael Falcón,3-4-3,4-1-4-1,Miroslav Koubek,Javier Aguirre,Ladislav Krejčí,Edson Álvarez,,80824,52,48,1,5,13,11,2,1,0,1,0,0,9,13,5,1,26,13,3,7,1,0
55,Group Stage,3,2026-06-25,Thu,16:00,Curaçao,Côte d'Ivoire,0,2,,,0,0,away_win,Côte d'Ivoire,"Lincoln Financial Field, Philadelphia",Glenn Nyberg,5-4-1,4-2-2-2,Dick Advocaat,Emerse Faé,Leandro Bacuna,Franck Kessié,,68324,37,63,2,3,11,7,1,2,2,1,0,0,11,6,4,6,15,16,15,12,2,1
56,Group Stage,3,2026-06-25,Thu,16:00,Ecuador,Germany,2,1,,,0,0,home_win,Ecuador,"MetLife Stadium, East Rutherford",Tori Penso,4-2-2-2,4-2-3-1,Sebastián Becaccece,Julian Nagelsmann,Moisés Caicedo,Joshua Kimmich,,80663,39,61,3,3,7,11,2,1,3,1,0,0,15,10,3,2,12,16,12,4,,
57,Group Stage,3,2026-06-25,Thu,18:00,Japan,Sweden,1,1,,,0,0,draw,,"AT&T Stadium, Arlington",Iván Barton,3-4-3,3-4-3,Hajime Moriyasu,Graham Potter,Ko Itakura,Victor Lindelöf,,70137,52,48,3,5,8,11,4,2,1,2,0,0,20,11,2,8,13,16,4,5,3,2
58,Group Stage,3,2026-06-25,Thu,18:00,Tunisia,Netherlands,1,3,,,0,0,away_win,Netherlands,"GEHA Field at Arrowhead Stadium, Kansas City",Katia García,5-4-1,4-1-4-1,Hervé Renard,Ronald Koeman,Ellyes Skhiri,Virgil van Dijk,,68391,29,72,4,7,10,20,4,3,0,0,0,0,11,10,4,6,13,28,8,10,2,1
59,Group Stage,3,2026-06-25,Thu,19:00,Paraguay,Australia,0,0,,,0,0,draw,,"Levi's Stadium, Santa Clara",Clément Turpin,5-3-2,3-4-3,Gustavo Alfaro,Tony Popovic,Gustavo Gómez,Harry Souttar,,68827,44,56,2,5,7,12,5,2,1,1,0,0,9,6,1,3,7,13,8,7,,
60,Group Stage,3,2026-06-25,Thu,19:00,Türkiye,United States,3,2,,,0,0,home_win,Türkiye,"SoFi Stadium, Inglewood",Mustapha Ghorbal,5-4-1,4-2-3-1,Vincenzo Montella,Mauricio Pochettino,Zeki Çelik,Weston McKennie,,70492,48,53,3,7,9,18,5,0,0,1,0,0,13,13,2,9,11,18,8,11,2,5
61,Group Stage,3,2026-06-26,Fri,15:00,Senegal,Iraq,5,0,,,0,0,home_win,Senegal,"BMO Field, Toronto",Anthony Taylor,4-1-4-1,4-2-3-1,Pape Thiaw,Graham Arnold,Idrissa Gueye,Ibrahim Bayesh,,43036,69,31,12,1,28,6,1,7,2,2,0,1,10,11,12,3,25,6,2,7,1,0
62,Group Stage,3,2026-06-26,Fri,15:00,Norway,France,1,4,,,0,0,away_win,France,"Gillette Stadium, Foxborough",Michael Oliver,4-1-4-1,4-2-3-1,Ståle Solbakken,Guy Stéphan,Patrick Berg,Kylian Mbappé,,64146,43,57,4,9,10,18,5,2,1,1,0,0,9,11,4,5,9,9,13,11,1,2
63,Group Stage,3,2026-06-26,Fri,18:00,Uruguay,Spain,0,1,,,0,0,away_win,Spain,"Estadio Akron, Zapopan",Ismail Elfath,4-1-4-1,4-1-4-1,Marcelo Bielsa,Luis de la Fuente,Federico Valverde,Rodri,,45065,33,67,1,1,5,6,0,1,3,1,1,0,14,14,1,6,16,12,14,9,5,2
64,Group Stage,3,2026-06-26,Fri,19:00,Cabo Verde,Saudi Arabia,0,0,,,0,0,draw,,"Reliant Stadium, Houston",François Letexier,4-1-4-1,4-2-3-1,Bubista,Georgios Donis,Ryan Mendes,Salem Al-Dawsari,,68278,51,49,2,3,15,7,3,2,1,3,0,0,10,16,4,2,18,10,13,10,2,0
65,Group Stage,3,2026-06-26,Fri,20:00,New Zealand,Belgium,1,5,,,0,0,away_win,Belgium,"BC Place Stadium, Vancouver",Adham Makhadmeh,4-2-3-1,4-2-3-1,Darren Bazeley,Rudi Garcia,Chris Wood,Youri Tielemans,,52497,45,55,2,10,6,35,5,1,2,0,0,0,10,7,5,8,17,16,6,10,1,1
66,Group Stage,3,2026-06-26,Fri,20:00,Egypt,IR Iran,1,1,,,0,0,draw,,"Lumen Field, Seattle",Szymon Marciniak,4-2-2-2,5-4-1,Hossam Hassan,Amir Ghalehnoy,Mohamed Salah,Mehdi Taremi,,66925,61,39,3,4,15,13,1,2,3,4,0,0,11,16,8,2,15,10,7,8,0,3
67,Group Stage,3,2026-06-27,Sat,17:00,Panama,England,0,2,,,0,0,away_win,England,"MetLife Stadium, East Rutherford",Abdulrahman Ibrahim Al Jassim,5-4-1,4-2-3-1,Thomas Christiansen,Thomas Tuchel,Yoel Bárcenas,Harry Kane,,80663,33,67,2,6,13,17,4,2,2,1,0,0,16,13,3,7,9,25,6,5,4,4
68,Group Stage,3,2026-06-27,Sat,17:00,Croatia,Ghana,2,1,,,0,0,home_win,Croatia,"Lincoln Financial Field, Philadelphia",Drew Fischer,4-2-3-1,4-1-4-1,Zlatko Dalić,Carlos Queiroz,Luka Modrić,Jordan Ayew,,68324,53,47,4,1,8,6,0,2,1,1,0,0,9,13,3,2,15,12,4,10,1,2
69,Group Stage,3,2026-06-27,Sat,19:30,Congo DR,Uzbekistan,3,1,,,0,0,home_win,Congo DR,"Mercedes-Benz Stadium, Atlanta",Felix Zwayer,4-2-2-2,3-4-3,Sébastien Desabre,Fabio Cannavaro,Chancel Mbemba,Eldor Shomurodov,,68239,58,42,4,1,19,3,1,1,3,2,0,0,6,16,2,4,21,16,7,12,3,1
70,Group Stage,3,2026-06-27,Sat,19:30,Colombia,Portugal,0,0,,,0,0,draw,,"Hard Rock Stadium, Miami Gardens",Alireza Faghani,4-1-4-1,4-2-3-1,Néstor Lorenzo,Roberto Martínez,James Rodríguez,Cristiano Ronaldo,,64478,55,45,6,2,24,13,2,6,1,0,0,0,12,6,5,2,10,14,5,11,3,2
71,Group Stage,3,2026-06-27,Sat,21:00,Algeria,Austria,3,3,,,0,0,draw,,"GEHA Field at Arrowhead Stadium, Kansas City",Ilgiz Tantashev,4-2-3-1,4-1-3-2,Vladimir Petković,Ralf Rangnick,Riyad Mahrez,David Alaba,,69045,65,35,5,3,12,10,0,2,0,1,0,0,3,7,0,3,5,13,3,10,1,3
72,Group Stage,3,2026-06-27,Sat,21:00,Jordan,Argentina,1,3,,,0,0,away_win,Argentina,"AT&T Stadium, Arlington",István Kovács,5-4-1,4-1-4-1,Jamal Sellami,Lionel Scaloni,Ihsan Haddad,Nicolás Otamendi,,70649,27,73,1,4,5,12,1,0,3,0,0,0,13,7,2,6,7,5,19,12,1,3
73,Round of 32,,2026-06-28,Sun,12:00,South Africa,Canada,0,1,,,0,0,away_win,Canada,"SoFi Stadium, Inglewood",João Pinheiro,4-2-3-1,4-2-2-2,Hugo Broos,Jesse Marsch,Ronwen Williams,Stephen Eustáquio,,69237,58,42,1,7,6,12,5,1,0,2,0,0,10,16,1,4,8,12,16,8,1,0
74,Round of 32,,2026-06-29,Mon,12:00,Brazil,Japan,2,1,,,0,0,home_win,Brazil,"Reliant Stadium, Houston",Maurizio Mariani,4-1-4-1,3-4-3,Carlo Ancelotti,Hajime Moriyasu,Marquinhos,Ritsu Doan,,68777,69,31,7,2,19,5,1,4,2,3,0,0,4,13,6,2,40,10,9,5,1,0
75,Round of 32,,2026-06-29,Mon,16:30,Germany,Paraguay,1,1,3,4,1,1,penalties,Paraguay,"Gillette Stadium, Foxborough",Jalal Jayed,4-2-2-2,4-1-4-1,Julian Nagelsmann,Gustavo Alfaro,Joshua Kimmich,Gustavo Gómez,Paraguay won a penalty shoot-out following extra time,63945,75,25,6,3,21,7,2,6,3,3,0,0,18,12,16,6,56,21,4,13,4,1
76,Round of 32,,2026-06-29,Mon,19:00,Netherlands,Morocco,1,1,2,3,1,1,penalties,Morocco,"Estadio BBVA, Guadalupe",Wilton Sampaio,3-4-3,4-2-3-1,Ronald Koeman,Mohamed Ouahbi,Virgil van Dijk,Achraf Hakimi,Morocco won a penalty shoot-out following extra time,51243,30,70,2,5,6,11,5,1,0,1,0,0,18,15,5,8,10,18,11,10,3,0
77,Round of 32,,2026-06-30,Tue,12:00,Côte d'Ivoire,Norway,1,2,,,0,0,away_win,Norway,"AT&T Stadium, Arlington",Jesús Valenzuela,4-1-4-1,4-1-4-1,Emerse Faé,Ståle Solbakken,Franck Kessié,Martin Ødegaard,,69665,47,53,5,4,14,9,1,4,0,1,0,0,6,7,14,3,29,10,4,6,2,2
78,Round of 32,,2026-06-30,Tue,17:00,France,Sweden,3,0,,,0,0,home_win,France,"MetLife Stadium, East Rutherford",Danny Makkelie,4-2-3-1,4-2-2-2,Didier Deschamps,Graham Potter,Kylian Mbappé,Victor Lindelöf,,80663,61,39,12,3,25,8,3,9,0,0,0,0,14,10,9,1,16,10,5,12,3,1
79,Round of 32,,2026-06-30,Tue,20:00,Mexico,Ecuador,2,0,,,0,0,home_win,Mexico,"Estadio Banorte, Coyoacán",Slavko Vinčič,4-1-4-1,4-2-2-2,Javier Aguirre,Sebastián Becaccece,César Montes,Moisés Caicedo,,80824,43,57,3,1,15,7,1,1,0,3,0,1,10,14,3,8,7,25,7,6,0,1
80,Round of 32,,2026-07-01,Wed,12:00,England,Congo DR,2,1,,,0,0,home_win,England,"Mercedes-Benz Stadium, Atlanta",Adham Makhadmeh,4-2-3-1,4-1-4-1,Thomas Tuchel,Sébastien Desabre,Harry Kane,Chancel Mbemba,,68239,60,40,7,2,16,7,1,5,1,1,0,0,10,12,5,3,43,13,7,3,0,4
81,Round of 32,,2026-07-01,Wed,13:00,Belgium,Senegal,3,2,,,1,0,home_win,Belgium,"Lumen Field, Seattle",Said Martínez,4-2-3-1,4-1-4-1,Rudi Garcia,Pape Thiaw,Youri Tielemans,Idrissa Gueye,Required Extra Time,66925,52,48,5,5,19,19,3,3,2,1,0,0,22,12,4,2,26,22,8,11,2,2
82,Round of 32,,2026-07-01,Wed,17:00,United States,Bosnia–Herz,2,0,,,0,0,home_win,United States,"Levi's Stadium, Santa Clara",Raphael Claus,4-1-4-1,5-3-2,Mauricio Pochettino,Sergej Barbarez,Tim Ream,Edin Džeko,,68827,48,52,2,3,8,10,3,0,0,2,1,0,7,13,4,3,14,13,8,8,3,0
83,Round of 32,,2026-07-02,Thu,12:00,Spain,Austria,3,0,,,0,0,home_win,Spain,"SoFi Stadium, Inglewood",Glenn Nyberg,4-2-3-1,4-2-3-1,Luis de la Fuente,Ralf Rangnick,Rodri,David Alaba,,70492,65,36,10,0,23,5,0,6,0,1,0,0,8,15,9,0,22,13,6,7,2,5
84,Round of 32,,2026-07-02,Thu,19:00,Portugal,Croatia,2,1,,,0,0,home_win,Portugal,"BMO Field, Toronto",Espen Eskås,4-2-3-1,4-2-3-1,Roberto Martínez,Zlatko Dalić,Cristiano Ronaldo,Luka Modrić,,43036,61,40,3,6,15,13,5,2,1,2,0,0,6,12,9,5,20,22,5,9,1,4
85,Round of 32,,2026-07-02,Thu,20:00,Switzerland,Algeria,2,0,,,0,0,home_win,Switzerland,"BC Place Stadium, Vancouver",Yael Falcón,4-2-3-1,4-1-4-1,Murat Yakin,Vladimir Petković,Granit Xhaka,Riyad Mahrez,,52497,45,55,5,2,11,8,2,2,0,2,0,0,10,12,4,2,14,6,17,9,0,2
86,Round of 32,,2026-07-03,Fri,13:00,Australia,Egypt,1,1,2,4,1,1,penalties,Egypt,"AT&T Stadium, Arlington",Gustavo Tejera,3-4-3,4-2-2-2,Tony Popovic,Hossam Hassan,Harry Souttar,Mohamed Salah,Egypt won a penalty shoot-out following extra time,70244,42,58,1,3,16,14,3,1,0,2,0,0,12,14,4,7,24,24,9,8,0,3
87,Round of 32,,2026-07-03,Fri,18:00,Argentina,Cabo Verde,3,2,,,1,0,home_win,Argentina,"Hard Rock Stadium, Miami Gardens",Drew Fischer,4-2-2-2,4-1-4-1,Lionel Scaloni,Bubista,Lionel Messi,Ryan Mendes,Required Extra Time,64478,64,37,10,5,22,16,3,8,1,1,0,0,13,12,8,8,15,21,9,10,3,2
88,Round of 32,,2026-07-03,Fri,20:30,Colombia,Ghana,1,0,,,0,0,home_win,Colombia,"GEHA Field at Arrowhead Stadium, Kansas City",Clément Turpin,4-1-4-1,4-1-4-1,Néstor Lorenzo,Carlos Queiroz,James Rodríguez,Jordan Ayew,,69045,61,39,8,0,20,8,0,7,2,3,0,0,14,10,3,2,15,15,5,5,2,0
89,Round of 16,,2026-07-04,Sat,12:00,Canada,Morocco,0,3,,,0,0,away_win,Morocco,"Reliant Stadium, Houston",Michael Oliver,4-2-2-2,4-2-3-1,Jesse Marsch,Mohamed Ouahbi,Stephen Eustáquio,Achraf Hakimi,,68777,45,55,3,4,10,5,1,3,4,4,0,0,24,14,11,1,29,5,5,8,2,3
90,Round of 16,,2026-07-04,Sat,17:00,Paraguay,France,0,1,,,0,0,away_win,France,"Lincoln Financial Field, Philadelphia",Ilgiz Tantashev,5-4-1,4-2-3-1,Gustavo Alfaro,Didier Deschamps,Gustavo Gómez,Kylian Mbappé,,68324,24,76,0,5,5,15,4,0,0,3,0,0,13,11,2,12,4,23,14,10,,
91,Round of 16,,2026-07-05,Sun,16:00,Brazil,Norway,1,2,,,0,0,away_win,Norway,"MetLife Stadium, East Rutherford",Ismail Elfath,4-2-2-2,4-1-4-1,Carlo Ancelotti,Ståle Solbakken,Marquinhos,Martin Ødegaard,,80663,34,66,4,5,14,9,3,3,1,0,0,0,7,6,5,5,16,13,11,6,1,1
92,Round of 16,,2026-07-05,Sun,19:00,Mexico,England,2,3,,,0,0,away_win,England,"Estadio Banorte, Coyoacán",Alireza Faghani,4-1-4-1,4-2-3-1,Javier Aguirre,Thomas Tuchel,César Montes,Harry Kane,,80824,67,33,5,5,20,6,2,3,2,4,0,1,14,7,12,2,49,4,7,4,1,0
93,Round of 16,,2026-07-06,Mon,14:00,Portugal,Spain,0,1,,,0,0,away_win,Spain,"AT&T Stadium, Arlington",Anthony Taylor,4-2-3-1,4-2-3-1,Roberto Martínez,Luis de la Fuente,Cristiano Ronaldo,Rodri,,70649,45,56,2,6,10,15,5,2,2,1,0,0,9,13,3,7,13,16,7,5,2,1
94,Round of 16,,2026-07-06,Mon,17:00,United States,Belgium,1,4,,,0,0,away_win,Belgium,"Lumen Field, Seattle",Adham Makhadmeh,4-1-4-1,4-2-3-1,Mauricio Pochettino,Rudi Garcia,Tim Ream,Youri Tielemans,,66925,56,44,2,7,7,15,3,1,2,0,0,0,11,9,3,5,11,14,9,9,0,1
95,Round of 16,,2026-07-07,Tue,12:00,Argentina,Egypt,3,2,,,0,0,home_win,Argentina,"Mercedes-Benz Stadium, Atlanta",François Letexier,4-1-3-2,4-2-2-2,Lionel Scaloni,Hossam Hassan,Lionel Messi,Mohamed Salah,,68239,64,36,7,2,19,5,0,3,0,5,0,0,13,11,6,1,26,8,7,10,3,0
96,Round of 16,,2026-07-07,Tue,13:00,Switzerland,Colombia,0,0,4,3,1,1,penalties,Switzerland,"BC Place Stadium, Vancouver",Iván Barton,4-1-4-1,4-2-3-1,Murat Yakin,Néstor Lorenzo,Granit Xhaka,James Rodríguez,Switzerland won a penalty shoot-out following extra time,52497,53,47,2,3,7,15,3,2,3,2,0,0,22,21,3,7,15,18,13,12,5,4
